Workbook

Sheet Monthly Material Planning
J2: Monthly Production Forecast (+2days Buffer) | AA2: Monthly Actual Production
J3: KCB2 | K3: KCA5 (& Kits) | L3: KWB3.1 (& Kits) | M3: KCA3.5 | N3: KAB3 (& Kits) | AA3: KCB2 | AB3: KCA5 (& Kits) | AC3: KWB3.1 (& Kits) | AD3: KCA3.5 | AE3: KAB3 (& Kits)
B6: Material Part # | C6: Raw Material Description | D6: Sheet Weight | E6: Material Requirement/ Product | J6: Projected Monthly Material Requirement (Kgs) | P6: Opening Material Balance (Kg) | Q6: Net Material Requirement (Kg) | R6: Net Material Requirement (Pcs) | S6: Projected Scrap | U6: Expected Material Consumption based on Actual Products Made | AA6: Actual Monthly Material Consumption (Kg) | AG6: Actual Scrap | AI6: Material Use Variance [Expected vs Actual] | AJ6: Reason (s) for Variance | AK6: Closing Material Balances (Kg)
E7: KCB2 | F7: KCA5 | G7: KWB3.1 | H7: KCA3.5 | I7: KAB3 | J7: KCB2 | K7: KCA5 | L7: KWB3.1 | M7: KCA3.5 | N7: KAB3 | O7: All Products | S7: % | T7: Kgs | U7: KCB2 | V7: KCA5 | W7: KWB3.1 | X7: KCA3.5 | Y7: KAB3 | Z7: All Products | AA7: KCB2 | AB7: KCA5 | AC7: KWB3.1 | AD7: KCA3.5 | AE7: KAB3 | AF7: All Products | AG7: Kgs | AH7: %
B8: 11279 | C8: AZ150 0.6mm Galvalume Coated Carbon Steel; Sheet; 1219mm W × 2300mm L | D8: ='Master Data'!J3 -> 12.8 | E8: ='Cumulative Material Use'!$E$3 -> 0.9643 | F8: ='Cumulative Material Use'!$E$11 -> 0.2414 | G8: ='Cumulative Material Use'!$E$24 -> 0.5068 | H8: ='Cumulative Material Use'!$E$34 -> 0.969 | J8: =E8*$J$4 -> 0 | K8: =F8*$K$4 -> 0 | L8: =G8*$L$4 -> 0 | M8: =H8*$M$4 -> 0 | N8: =I8*$N$4 -> 0 | O8: =SUM(J8:N8) -> 0 | Q8: =O8-P8 -> 0 | R8: =Q8/D8 -> 0 | U8: =E8*$AA$4 -> 0 | V8: =F8*$AB$4 -> 0 | W8: =G8*$AC$4 -> 0 | X8: =H8*$AD$4 -> 0 | Y8: =I8*$AE$4 -> 0 | Z8: =SUM(U8:Y8) -> 0 | AF8: =SUM(AA8:AE8) -> 0
B9: 10072B | C9: AZ100 0.7 Galvalume Sheet; 1219mm W x 2438mm L | D9: ='Master Data'!J6 -> 17 | E9: ='Cumulative Material Use'!$E$4 -> 0.2646 | H9: ='Cumulative Material Use'!$E$38 -> 0.0636 | J9: =E9*$J$4 -> 0 | K9: =F9*$K$4 -> 0 | L9: =G9*$L$4 -> 0 | M9: =H9*$M$4 -> 0 | N9: =I9*$N$4 -> 0 | O9: =SUM(J9:N9) -> 0 | Q9: =O9-P9 -> 0 | R9: =Q9/D9 -> 0 | U9: =E9*$AA$4 -> 0 | V9: =F9*$AB$4 -> 0 | W9: =G9*$AC$4 -> 0 | X9: =H9*$AD$4 -> 0 | Y9: =I9*$AE$4 -> 0 | Z9: =SUM(U9:Y9) -> 0 | AF9: =SUM(AA9:AE9) -> 0
B10: 10154 | C10: SS439; Sheet; With PVC Coating; 0.6mm thk x 1219mm W × 2438mm L | D10: ='Master Data'!J7 -> 13.5 | E10: ='Cumulative Material Use'!$E$5 -> 0.054 | F10: ='Cumulative Material Use'!$E$13 -> 0.1646 | G10: ='Cumulative Material Use'!$E$20 -> 0.68471 | H10: ='Cumulative Material Use'!$E$35 -> 0.1899 | I10: ='Cumulative Material Use'!$E$31 -> 0.0576 | J10: =E10*$J$4 -> 0 | K10: =F10*$K$4 -> 0 | L10: =G10*$L$4 -> 0 | M10: =H10*$M$4 -> 0 | N10: =I10*$N$4 -> 0 | O10: =SUM(J10:N10) -> 0 | Q10: =O10-P10 -> 0 | R10: =Q10/D10 -> 0 | U10: =E10*$AA$4 -> 0 | V10: =F10*$AB$4 -> 0 | W10: =G10*$AC$4 -> 0 | X10: =H10*$AD$4 -> 0 | Y10: =I10*$AE$4 -> 0 | Z10: =SUM(U10:Y10) -> 0 | AF10: =SUM(AA10:AE10) -> 0
B11: 10155 | C11: SS439; Sheet; With PVC Coating; 0.8mm thk × 1219mm W x 2438mm L | D11: ='Master Data'!J9 -> 18.1 | E11: ='Cumulative Material Use'!$E$6 -> 0.66821 | F11: ='Cumulative Material Use'!$E$15 -> 0.50701 | G11: ='Cumulative Material Use'!$E$26 -> 0.0789 | H11: ='Cumulative Material Use'!$E$36 -> 0.4622 | J11: =E11*$J$4 -> 0 | K11: =F11*$K$4 -> 0 | L11: =G11*$L$4 -> 0 | M11: =H11*$M$4 -> 0 | N11: =I11*$N$4 -> 0 | O11: =SUM(J11:N11) -> 0 | Q11: =O11-P11 -> 0 | R11: =Q11/D11 -> 0 | U11: =E11*$AA$4 -> 0 | V11: =F11*$AB$4 -> 0 | W11: =G11*$AC$4 -> 0 | X11: =H11*$AD$4 -> 0 | Y11: =I11*$AE$4 -> 0 | Z11: =SUM(U11:Y11) -> 0 | AF11: =SUM(AA11:AE11) -> 0
B12: 11332 | C12: SS321; Sheet; 1.5mm thk × 1000mm W x 2660mm L | D12: ='Master Data'!J11 -> 31.7 | E12: ='Cumulative Material Use'!$E$7 -> 0.5167 | F12: ='Cumulative Material Use'!$E$16 -> 0.5267 | H12: ='Cumulative Material Use'!$E$42 -> 0.5852 | J12: =E12*$J$4 -> 0 | K12: =F12*$K$4 -> 0 | L12: =G12*$L$4 -> 0 | M12: =H12*$M$4 -> 0 | N12: =I12*$N$4 -> 0 | O12: =SUM(J12:N12) -> 0 | Q12: =O12-P12 -> 0 | R12: =Q12/D12 -> 0 | U12: =E12*$AA$4 -> 0 | V12: =F12*$AB$4 -> 0 | W12: =G12*$AC$4 -> 0 | X12: =H12*$AD$4 -> 0 | Y12: =I12*$AE$4 -> 0 | Z12: =SUM(U12:Y12) -> 0 | AF12: =SUM(AA12:AE12) -> 0
B13: 10070B | C13: 1008 0.6 CRCA Carbon Steel; Sheet; 1219mm W × 2675mm L | D13: ='Master Data'!J18 -> 15.6 | E13: ='Cumulative Material Use'!$E$8 -> 1.08 | H13: ='Cumulative Material Use'!$E$39 -> 0.8213 | J13: =E13*$J$4 -> 0 | K13: =F13*$K$4 -> 0 | L13: =G13*$L$4 -> 0 | M13: =H13*$M$4 -> 0 | N13: =I13*$N$4 -> 0 | O13: =SUM(J13:N13) -> 0 | Q13: =O13-P13 -> 0 | R13: =Q13/D13 -> 0 | U13: =E13*$AA$4 -> 0 | V13: =F13*$AB$4 -> 0 | W13: =G13*$AC$4 -> 0 | X13: =H13*$AD$4 -> 0 | Y13: =I13*$AE$4 -> 0 | Z13: =SUM(U13:Y13) -> 0 | AF13: =SUM(AA13:AE13) -> 0
B14: 11090 | C14: SS201; Sheet; With PVC Coating; 0.5mm thk x 1219.2mm W × 2675mm L; Hairline | D14: ='Master Data'!J19 -> 12.7 | E14: ='Cumulative Material Use'!$E$9 -> 0.0356 | F14: ='Cumulative Material Use'!$E$14 -> 0.07214 | G14: ='Cumulative Material Use'!$E$23 -> 0.01154 | H14: ='Cumulative Material Use'!$E$40 -> 0.01154 | I14: ='Cumulative Material Use'!$E$30 -> 0.40645 | J14: =E14*$J$4 -> 0 | K14: =F14*$K$4 -> 0 | L14: =G14*$L$4 -> 0 | M14: =H14*$M$4 -> 0 | N14: =I14*$N$4 -> 0 | O14: =SUM(J14:N14) -> 0 | Q14: =O14-P14 -> 0 | R14: =Q14/D14 -> 0 | U14: =E14*$AA$4 -> 0 | V14: =F14*$AB$4 -> 0 | W14: =G14*$AC$4 -> 0 | X14: =H14*$AD$4 -> 0 | Y14: =I14*$AE$4 -> 0 | Z14: =SUM(U14:Y14) -> 0 | AF14: =SUM(AA14:AE14) -> 0
B15: 10073 | C15: Carbon Steel Tubing; 10mm OD x 1mm wall x 3m L | E15: ='Cumulative Material Use'!$E$10 -> 0.11 | H15: ='Cumulative Material Use'!$E$41 -> 0.11 | J15: =E15*$J$4 -> 0 | K15: =F15*$K$4 -> 0 | L15: =G15*$L$4 -> 0 | M15: =H15*$M$4 -> 0 | N15: =I15*$N$4 -> 0 | O15: =SUM(J15:N15) -> 0 | Q15: =O15-P15 -> 0 | R15: =Q15/D15 -> #DIV/0! | U15: =E15*$AA$4 -> 0 | V15: =F15*$AB$4 -> 0 | W15: =G15*$AC$4 -> 0 | X15: =H15*$AD$4 -> 0 | Y15: =I15*$AE$4 -> 0 | Z15: =SUM(U15:Y15) -> 0 | AF15: =SUM(AA15:AE15) -> 0
B16: 10970 | C16: AZ150 0.6mm Galvalume Coated Steel Sheet; 1219mm w x 2500mm L (DX53D) | D16: ='Master Data'!J33 -> 13.6 | F16: ='Cumulative Material Use'!$E$12 -> 0.4103 | J16: =E16*$J$4 -> 0 | K16: =F16*$K$4 -> 0 | L16: =G16*$L$4 -> 0 | M16: =H16*$M$4 -> 0 | N16: =I16*$N$4 -> 0 | O16: =SUM(J16:N16) -> 0 | Q16: =O16-P16 -> 0 | R16: =Q16/D16 -> 0 | U16: =E16*$AA$4 -> 0 | V16: =F16*$AB$4 -> 0 | W16: =G16*$AC$4 -> 0 | X16: =H16*$AD$4 -> 0 | Y16: =I16*$AE$4 -> 0 | Z16: =SUM(U16:Y16) -> 0 | AF16: =SUM(AA16:AE16) -> 0
B17: 11213B | C17: SS201; Sheet; With PVC Coating; 0.4mm thk x 1219mm W × 2438mm L; Hairline | D17: ='Master Data'!J35 -> 10 | F17: ='Cumulative Material Use'!$E$17 -> 0.55556 | J17: =E17*$J$4 -> 0 | K17: =F17*$K$4 -> 0 | L17: =G17*$L$4 -> 0 | M17: =H17*$M$4 -> 0 | N17: =I17*$N$4 -> 0 | O17: =SUM(J17:N17) -> 0 | Q17: =O17-P17 -> 0 | R17: =Q17/D17 -> 0 | U17: =E17*$AA$4 -> 0 | V17: =F17*$AB$4 -> 0 | W17: =G17*$AC$4 -> 0 | X17: =H17*$AD$4 -> 0 | Y17: =I17*$AE$4 -> 0 | Z17: =SUM(U17:Y17) -> 0 | AF17: =SUM(AA17:AE17) -> 0
B18: 11442 | C18: SS201; Sheet; Without PVC Coating; 0.8mm thk x 1219mm W × 2438mm L; BA Finish | D18: ='Master Data'!J36 -> 17.7 | F18: ='Cumulative Material Use'!$E$18 -> 0.07434 | G18: ='Cumulative Material Use'!$E$21 -> 0.07434 | J18: =E18*$J$4 -> 0 | K18: =F18*$K$4 -> 0 | L18: =G18*$L$4 -> 0 | M18: =H18*$M$4 -> 0 | N18: =I18*$N$4 -> 0 | O18: =SUM(J18:N18) -> 0 | Q18: =O18-P18 -> 0 | R18: =Q18/D18 -> 0 | U18: =E18*$AA$4 -> 0 | V18: =F18*$AB$4 -> 0 | W18: =G18*$AC$4 -> 0 | X18: =H18*$AD$4 -> 0 | Y18: =I18*$AE$4 -> 0 | Z18: =SUM(U18:Y18) -> 0 | AF18: =SUM(AA18:AE18) -> 0
B19: 11515 | C19: SS201; Sheet; With PVC Coating; 0.4mm thk x 1219mm × 2190mm L; Hairline | D19: ='Master Data'!J38 -> 9.16 | G19: ='Cumulative Material Use'!$E$19 -> 0.71703 | J19: =E19*$J$4 -> 0 | K19: =F19*$K$4 -> 0 | L19: =G19*$L$4 -> 0 | M19: =H19*$M$4 -> 0 | N19: =I19*$N$4 -> 0 | O19: =SUM(J19:N19) -> 0 | Q19: =O19-P19 -> 0 | R19: =Q19/D19 -> 0 | U19: =E19*$AA$4 -> 0 | V19: =F19*$AB$4 -> 0 | W19: =G19*$AC$4 -> 0 | X19: =H19*$AD$4 -> 0 | Y19: =I19*$AE$4 -> 0 | Z19: =SUM(U19:Y19) -> 0 | AF19: =SUM(AA19:AE19) -> 0
B20: 10296A | C20: AZ100 0.2 Galvalume Sheet; 975mm W x 2438mm L | D20: ='Master Data'!J41 -> 3.55 | G20: ='Cumulative Material Use'!$E$22 -> 0.1961 | J20: =E20*$J$4 -> 0 | K20: =F20*$K$4 -> 0 | L20: =G20*$L$4 -> 0 | M20: =H20*$M$4 -> 0 | N20: =I20*$N$4 -> 0 | O20: =SUM(J20:N20) -> 0 | Q20: =O20-P20 -> 0 | R20: =Q20/D20 -> 0 | U20: =E20*$AA$4 -> 0 | V20: =F20*$AB$4 -> 0 | W20: =G20*$AC$4 -> 0 | X20: =H20*$AD$4 -> 0 | Y20: =I20*$AE$4 -> 0 | Z20: =SUM(U20:Y20) -> 0 | AF20: =SUM(AA20:AE20) -> 0
B21: 11040B | C21: SS304; Sheet; 1.2mm thk × 1219.2mm W × 2620mm L | D21: ='Master Data'!J48 -> 29.8 | G21: ='Cumulative Material Use'!$E$25 -> 0.4495 | I21: ='Cumulative Material Use'!$E$32 -> 0.0266 | J21: =E21*$J$4 -> 0 | K21: =F21*$K$4 -> 0 | L21: =G21*$L$4 -> 0 | M21: =H21*$M$4 -> 0 | N21: =I21*$N$4 -> 0 | O21: =SUM(J21:N21) -> 0 | Q21: =O21-P21 -> 0 | R21: =Q21/D21 -> 0 | U21: =E21*$AA$4 -> 0 | V21: =F21*$AB$4 -> 0 | W21: =G21*$AC$4 -> 0 | X21: =H21*$AD$4 -> 0 | Y21: =I21*$AE$4 -> 0 | Z21: =SUM(U21:Y21) -> 0 | AF21: =SUM(AA21:AE21) -> 0
B22: 11226 | C22: SS439; Sheet; 1.2mm thk × 1219mm W × 2438mm L | D22: ='Master Data'!J50 -> 27.3 | G22: ='Cumulative Material Use'!$E$27 -> 0.47901 | J22: =E22*$J$4 -> 0 | K22: =F22*$K$4 -> 0 | L22: =G22*$L$4 -> 0 | M22: =H22*$M$4 -> 0 | N22: =I22*$N$4 -> 0 | O22: =SUM(J22:N22) -> 0 | Q22: =O22-P22 -> 0 | R22: =Q22/D22 -> 0 | U22: =E22*$AA$4 -> 0 | V22: =F22*$AB$4 -> 0 | W22: =G22*$AC$4 -> 0 | X22: =H22*$AD$4 -> 0 | Y22: =I22*$AE$4 -> 0 | Z22: =SUM(U22:Y22) -> 0 | AF22: =SUM(AA22:AE22) -> 0
B23: 10074 | C23: SS304; Sheet; 0.8mm x 1219mm W × 2438mm L | D23: ='Master Data'!J75 -> 19 | H23: ='Cumulative Material Use'!$E$37 -> 0.00792 | M23: =H23*$M$4 -> 0 | R23: =Q23/D23 -> 0 | X23: =H23*$AD$4 -> 0
B24: 11291 | C24: SS201; Wire; 4mm dia x 2400mm L | D24: ='Master Data'!J57 -> 0.2379 | G24: ='Cumulative Material Use'!$E$28 -> 0.0804 | J24: =E24*$J$4 -> 0 | K24: =F24*$K$4 -> 0 | L24: =G24*$L$4 -> 0 | M24: =H24*$M$4 -> 0 | N24: =I24*$N$4 -> 0 | O24: =SUM(J24:N24) -> 0 | Q24: =O24-P24 -> 0 | R24: =Q24/D24 -> 0 | U24: =E24*$AA$4 -> 0 | V24: =F24*$AB$4 -> 0 | W24: =G24*$AC$4 -> 0 | X24: =H24*$AD$4 -> 0 | Y24: =I24*$AE$4 -> 0 | Z24: =SUM(U24:Y24) -> 0 | AF24: =SUM(AA24:AE24) -> 0
B25: 11290 | C25: SS201; Wire; 3mm dia x 2400mm L | D25: ='Master Data'!J58 -> 0.1308 | G25: ='Cumulative Material Use'!$E$29 -> 0.0555 | J25: =E25*$J$4 -> 0 | K25: =F25*$K$4 -> 0 | L25: =G25*$L$4 -> 0 | M25: =H25*$M$4 -> 0 | N25: =I25*$N$4 -> 0 | O25: =SUM(J25:N25) -> 0 | Q25: =O25-P25 -> 0 | R25: =Q25/D25 -> 0 | U25: =E25*$AA$4 -> 0 | V25: =F25*$AB$4 -> 0 | W25: =G25*$AC$4 -> 0 | X25: =H25*$AD$4 -> 0 | Y25: =I25*$AE$4 -> 0 | Z25: =SUM(U25:Y25) -> 0 | AF25: =SUM(AA25:AE25) -> 0

Sheet Weekly Material Planning
K2: Weekly Production Forecast | AD2: Weekly Actual Production
K3: KCB2 | L3: KCA5 (& Kits) | M3: KWB3.1 (& Kits) | N3: KCA3.5 | O3: KAB3 (& Kits) | AD3: KCB2 | AE3: KCA5 (& Kits) | AF3: KWB3.1 (& Kits) | AG3: KCA3.5 | AH3: KAB3 (& Kits)
I4: Week2 | J4: Week2 | K4: 10000 | L4: =10500+20700 -> 31200 | N4: 10500 | AC4: Week2 | AD4: 3000
I5: Week3 | J5: Week3 | AC5: Week3
I6: Week4 | J6: Week4 | AC6: Week4
I7: Week5 | J7: Week5 | AC7: Week5
B9: Week2
B10: Material Part # | C10: Raw Material Description | D10: Sheet Weight | E10: Material Requirement/ Product | K10: Projected Weekly Material Requirement (Kgs) | Q10: Opening Material Balance (Kg) | R10: Net Material Requirement (Kg) | S10: Net Material Requirement (Pcs) | T10: Material Physically Received (Kg) | U10: Material Transferred to Prod. In NAV (Kg) | V10: Projected Scrap | X10: Expected Material Consumption based on Actual Products Made(Kgs) | AD10: Actual Weekly Material Consumption (Kgs) | AJ10: Actual Scrap | AL10: Material Use Variance [Expected vs Actual] | AM10: Any change in Material within the Week on the Final Product (TPD/ ECN)? | AN10: Any other reason for Variance? | AO10: Closing Material Balances (Kg)
E11: KCB2 | F11: KCA5 | G11: KWB3.1 | H11: KCA3.5 | I11: KAB3 | K11: KCB2 | L11: KCA5 | M11: KWB3.1 | N11: KCA3.5 | O11: KAB3 | P11: All Products | V11: % | W11: Kgs | X11: KCB2 | Y11: KCA5 | Z11: KWB3.1 | AA11: KCA3.5 | AB11: KAB3 | AC11: All Products | AD11: KCB2 | AE11: KCA5 | AF11: KWB3.1 | AG11: KCA3.5 | AH11: KAB3 | AI11: All Products | AJ11: Kgs | AK11: %
B12: 11279 | C12: AZ150 0.6mm Galvalume Coated Carbon Steel; Sheet; 1219mm W × 2300mm L | D12: ='Monthly Material Planning'!$D$8 -> 12.8 | E12: ='Cumulative Material Use'!$E$3 -> 0.9643 | F12: ='Cumulative Material Use'!$E$11 -> 0.2414 | G12: ='Cumulative Material Use'!$E$24 -> 0.5068 | H12: ='Cumulative Material Use'!$E$34 -> 0.969 | K12: =E12*$K$4 -> 9643 | L12: =F12*$L$4 -> 7531.68 | M12: =G12*$M$4 -> 0 | N12: =H12*$N$4 -> 10174.5 | O12: =I12*$O$4 -> 0 | P12: =SUM(K12:O12) -> 27349.18 | Q12: 29642.89 | R12: =P12-Q12 -> -2293.71 | S12: =R12/D12 -> -179.19609 | X12: =E12*$AD$4 -> 2892.9 | Y12: =F12*$AE$4 -> 0 | Z12: =G12*$AF$4 -> 0 | AA12: =H12*$AG$4 -> 0 | AB12: =I12*$AH$4 -> 0 | AC12: =SUM(X12:AB12) -> 2892.9 | AI12: =SUM(AD12:AH12) -> 0
B13: 10072B | C13: AZ100 0.7 Galvalume Sheet; 1219mm W x 2438mm L | D13: ='Monthly Material Planning'!$D$9 -> 17 | E13: ='Cumulative Material Use'!$E$4 -> 0.2646 | H13: ='Cumulative Material Use'!$E$38 -> 0.0636 | K13: =E13*$K$4 -> 2646 | L13: =F13*$L$4 -> 0 | M13: =G13*$M$4 -> 0 | N13: =H13*$N$4 -> 667.8 | O13: =I13*$O$4 -> 0 | P13: =SUM(K13:O13) -> 3313.8 | Q13: 8985.75 | R13: =P13-Q13 -> -5671.95 | S13: =R13/D13 -> -333.64412 | X13: =E13*$AD$4 -> 793.8 | Y13: =F13*$AE$4 -> 0 | Z13: =G13*$AF$4 -> 0 | AA13: =H13*$AG$4 -> 0 | AB13: =I13*$AH$4 -> 0 | AC13: =SUM(X13:AB13) -> 793.8 | AI13: =SUM(AD13:AH13) -> 0
B14: 10154 | C14: SS439; Sheet; With PVC Coating; 0.6mm thk x 1219mm W × 2438mm L | D14: ='Monthly Material Planning'!$D$10 -> 13.5 | E14: ='Cumulative Material Use'!$E$5 -> 0.054 | F14: ='Cumulative Material Use'!$E$13 -> 0.1646 | G14: ='Cumulative Material Use'!$E$20 -> 0.68471 | H14: ='Cumulative Material Use'!$E$35 -> 0.1899 | I14: ='Cumulative Material Use'!$E$31 -> 0.0576 | K14: =E14*$K$4 -> 540 | L14: =F14*$L$4 -> 5135.52 | M14: =G14*$M$4 -> 0 | N14: =H14*$N$4 -> 1993.95 | O14: =I14*$O$4 -> 0 | P14: =SUM(K14:O14) -> 7669.47 | Q14: 20767.93 | R14: =P14-Q14 -> -13098.46 | S14: =R14/D14 -> -970.2563 | X14: =E14*$AD$4 -> 162 | Y14: =F14*$AE$4 -> 0 | Z14: =G14*$AF$4 -> 0 | AA14: =H14*$AG$4 -> 0 | AB14: =I14*$AH$4 -> 0 | AC14: =SUM(X14:AB14) -> 162 | AI14: =SUM(AD14:AH14) -> 0
B15: 10155 | C15: SS439; Sheet; With PVC Coating; 0.8mm thk × 1219mm W x 2438mm L | D15: ='Monthly Material Planning'!$D$11 -> 18.1 | E15: ='Cumulative Material Use'!$E$6 -> 0.66821 | F15: ='Cumulative Material Use'!$E$15 -> 0.50701 | G15: ='Cumulative Material Use'!$E$26 -> 0.0789 | H15: ='Cumulative Material Use'!$E$36 -> 0.4622 | K15: =E15*$K$4 -> 6682.1 | L15: =F15*$L$4 -> 15818.712 | M15: =G15*$M$4 -> 0 | N15: =H15*$N$4 -> 4853.1 | O15: =I15*$O$4 -> 0 | P15: =SUM(K15:O15) -> 27353.912 | Q15: 31441.71 | R15: =P15-Q15 -> -4087.798 | S15: =R15/D15 -> -225.84519 | X15: =E15*$AD$4 -> 2004.63 | Y15: =F15*$AE$4 -> 0 | Z15: =G15*$AF$4 -> 0 | AA15: =H15*$AG$4 -> 0 | AB15: =I15*$AH$4 -> 0 | AC15: =SUM(X15:AB15) -> 2004.63 | AI15: =SUM(AD15:AH15) -> 0
B16: 11332 | C16: SS321; Sheet; 1.5mm thk × 1000mm W x 2660mm L | D16: ='Monthly Material Planning'!$D$12 -> 31.7 | E16: ='Cumulative Material Use'!$E$7 -> 0.5167 | F16: ='Cumulative Material Use'!$E$16 -> 0.5267 | H16: ='Cumulative Material Use'!$E$42 -> 0.5852 | K16: =E16*$K$4 -> 5167 | L16: =F16*$L$4 -> 16433.04 | M16: =G16*$M$4 -> 0 | N16: =H16*$N$4 -> 6144.6 | O16: =I16*$O$4 -> 0 | P16: =SUM(K16:O16) -> 27744.64 | Q16: 20254.3 | R16: =P16-Q16 -> 7490.34 | S16: =R16/D16 -> 236.28833 | X16: =E16*$AD$4 -> 1550.1 | Y16: =F16*$AE$4 -> 0 | Z16: =G16*$AF$4 -> 0 | AA16: =H16*$AG$4 -> 0 | AB16: =I16*$AH$4 -> 0 | AC16: =SUM(X16:AB16) -> 1550.1 | AI16: =SUM(AD16:AH16) -> 0
B17: 10070B | C17: 1008 0.6 CRCA Carbon Steel; Sheet; 1219mm W × 2675mm L | D17: ='Monthly Material Planning'!$D$13 -> 15.6 | E17: ='Cumulative Material Use'!$E$8 -> 1.08 | H17: ='Cumulative Material Use'!$E$39 -> 0.8213 | K17: =E17*$K$4 -> 10800 | L17: =F17*$L$4 -> 0 | M17: =G17*$M$4 -> 0 | N17: =H17*$N$4 -> 8623.65 | O17: =I17*$O$4 -> 0 | P17: =SUM(K17:O17) -> 19423.65 | Q17: 12409.07 | R17: =P17-Q17 -> 7014.58 | S17: =R17/D17 -> 449.65256 | X17: =E17*$AD$4 -> 3240 | Y17: =F17*$AE$4 -> 0 | Z17: =G17*$AF$4 -> 0 | AA17: =H17*$AG$4 -> 0 | AB17: =I17*$AH$4 -> 0 | AC17: =SUM(X17:AB17) -> 3240 | AI17: =SUM(AD17:AH17) -> 0
B18: 11090 | C18: SS201; Sheet; With PVC Coating; 0.5mm thk x 1219.2mm W × 2675mm L; Hairline | D18: ='Monthly Material Planning'!$D$14 -> 12.7 | E18: ='Cumulative Material Use'!$E$9 -> 0.0356 | F18: ='Cumulative Material Use'!$E$14 -> 0.07214 | G18: ='Cumulative Material Use'!$E$23 -> 0.01154 | H18: ='Cumulative Material Use'!$E$40 -> 0.01154 | I18: ='Cumulative Material Use'!$E$30 -> 0.40645 | K18: =E18*$K$4 -> 356 | L18: =F18*$L$4 -> 2250.768 | M18: =G18*$M$4 -> 0 | N18: =H18*$N$4 -> 121.17 | O18: =I18*$O$4 -> 0 | P18: =SUM(K18:O18) -> 2727.938 | Q18: 12358.52 | R18: =P18-Q18 -> -9630.582 | S18: =R18/D18 -> -758.31354 | X18: =E18*$AD$4 -> 106.8 | Y18: =F18*$AE$4 -> 0 | Z18: =G18*$AF$4 -> 0 | AA18: =H18*$AG$4 -> 0 | AB18: =I18*$AH$4 -> 0 | AC18: =SUM(X18:AB18) -> 106.8 | AI18: =SUM(AD18:AH18) -> 0
B19: 10073 | C19: Carbon Steel Tubing; 10mm OD x 1mm wall x 3m L | D19: ='Monthly Material Planning'!$D$15 -> 0 | E19: ='Cumulative Material Use'!$E$10 -> 0.11 | H19: ='Cumulative Material Use'!$E$41 -> 0.11 | K19: =E19*$K$4 -> 1100 | L19: =F19*$L$4 -> 0 | M19: =G19*$M$4 -> 0 | N19: =H19*$N$4 -> 1155 | O19: =I19*$O$4 -> 0 | P19: =SUM(K19:O19) -> 2255 | R19: =P19-Q19 -> 2255 | S19: =R19/D19 -> #DIV/0! | X19: =E19*$AD$4 -> 330 | Y19: =F19*$AE$4 -> 0 | Z19: =G19*$AF$4 -> 0 | AA19: =H19*$AG$4 -> 0 | AB19: =I19*$AH$4 -> 0 | AC19: =SUM(X19:AB19) -> 330 | AI19: =SUM(AD19:AH19) -> 0
B20: 10970 | C20: AZ150 0.6mm Galvalume Coated Steel Sheet; 1219mm w x 2500mm L (DX53D) | D20: ='Monthly Material Planning'!$D$16 -> 13.6 | F20: ='Cumulative Material Use'!$E$12 -> 0.4103 | K20: =E20*$K$4 -> 0 | L20: =F20*$L$4 -> 12801.36 | M20: =G20*$M$4 -> 0 | N20: =H20*$N$4 -> 0 | O20: =I20*$O$4 -> 0 | P20: =SUM(K20:O20) -> 12801.36 | Q20: 15172.558 | R20: =P20-Q20 -> -2371.198 | S20: =R20/D20 -> -174.35279 | X20: =E20*$AD$4 -> 0 | Y20: =F20*$AE$4 -> 0 | Z20: =G20*$AF$4 -> 0 | AA20: =H20*$AG$4 -> 0 | AB20: =I20*$AH$4 -> 0 | AC20: =SUM(X20:AB20) -> 0 | AI20: =SUM(AD20:AH20) -> 0
B21: 11213B | C21: SS201; Sheet; With PVC Coating; 0.4mm thk x 1219mm W × 2438mm L; Hairline | D21: ='Monthly Material Planning'!$D$17 -> 10 | F21: ='Cumulative Material Use'!$E$17 -> 0.55556 | K21: =E21*$K$4 -> 0 | L21: =F21*$L$4 -> 17333.472 | M21: =G21*$M$4 -> 0 | N21: =H21*$N$4 -> 0 | O21: =I21*$O$4 -> 0 | P21: =SUM(K21:O21) -> 17333.472 | Q21: 15912.22 | R21: =P21-Q21 -> 1421.252 | S21: =R21/D21 -> 142.1252 | X21: =E21*$AD$4 -> 0 | Y21: =F21*$AE$4 -> 0 | Z21: =G21*$AF$4 -> 0 | AA21: =H21*$AG$4 -> 0 | AB21: =I21*$AH$4 -> 0 | AC21: =SUM(X21:AB21) -> 0 | AI21: =SUM(AD21:AH21) -> 0
B22: 11442 | C22: SS201; Sheet; Without PVC Coating; 0.8mm thk x 1219mm W × 2438mm L; BA Finish | D22: ='Monthly Material Planning'!$D$18 -> 17.7 | F22: ='Cumulative Material Use'!$E$18 -> 0.07434 | G22: ='Cumulative Material Use'!$E$21 -> 0.07434 | K22: =E22*$K$4 -> 0 | L22: =F22*$L$4 -> 2319.408 | M22: =G22*$M$4 -> 0 | N22: =H22*$N$4 -> 0 | O22: =I22*$O$4 -> 0 | P22: =SUM(K22:O22) -> 2319.408 | Q22: 5442.19 | R22: =P22-Q22 -> -3122.782 | S22: =R22/D22 -> -176.42836 | X22: =E22*$AD$4 -> 0 | Y22: =F22*$AE$4 -> 0 | Z22: =G22*$AF$4 -> 0 | AA22: =H22*$AG$4 -> 0 | AB22: =I22*$AH$4 -> 0 | AC22: =SUM(X22:AB22) -> 0 | AI22: =SUM(AD22:AH22) -> 0
B23: 11515 | C23: SS201; Sheet; With PVC Coating; 0.4mm thk x 1219mm × 2190mm L; Hairline | D23: ='Monthly Material Planning'!$D$19 -> 9.16 | G23: ='Cumulative Material Use'!$E$19 -> 0.71703 | K23: =E23*$K$4 -> 0 | L23: =F23*$L$4 -> 0 | M23: =G23*$M$4 -> 0 | N23: =H23*$N$4 -> 0 | O23: =I23*$O$4 -> 0 | P23: =SUM(K23:O23) -> 0 | Q23: 1358 | R23: =P23-Q23 -> -1358 | S23: =R23/D23 -> -148.25328 | X23: =E23*$AD$4 -> 0 | Y23: =F23*$AE$4 -> 0 | Z23: =G23*$AF$4 -> 0 | AA23: =H23*$AG$4 -> 0 | AB23: =I23*$AH$4 -> 0 | AC23: =SUM(X23:AB23) -> 0 | AI23: =SUM(AD23:AH23) -> 0
B24: 10296A | C24: AZ100 0.2 Galvalume Sheet; 975mm W x 2438mm L | D24: ='Monthly Material Planning'!$D$20 -> 3.55 | G24: ='Cumulative Material Use'!$E$22 -> 0.1961 | K24: =E24*$K$4 -> 0 | L24: =F24*$L$4 -> 0 | M24: =G24*$M$4 -> 0 | N24: =H24*$N$4 -> 0 | O24: =I24*$O$4 -> 0 | P24: =SUM(K24:O24) -> 0 | Q24: 1623 | R24: =P24-Q24 -> -1623 | S24: =R24/D24 -> -457.1831 | X24: =E24*$AD$4 -> 0 | Y24: =F24*$AE$4 -> 0 | Z24: =G24*$AF$4 -> 0 | AA24: =H24*$AG$4 -> 0 | AB24: =I24*$AH$4 -> 0 | AC24: =SUM(X24:AB24) -> 0 | AI24: =SUM(AD24:AH24) -> 0
B25: 11040B | C25: SS304; Sheet; 1.2mm thk × 1219.2mm W × 2620mm L | D25: ='Monthly Material Planning'!$D$21 -> 29.8 | G25: ='Cumulative Material Use'!$E$25 -> 0.4495 | I25: ='Cumulative Material Use'!$E$32 -> 0.0266 | K25: =E25*$K$4 -> 0 | L25: =F25*$L$4 -> 0 | M25: =G25*$M$4 -> 0 | N25: =H25*$N$4 -> 0 | O25: =I25*$O$4 -> 0 | P25: =SUM(K25:O25) -> 0 | Q25: 1794 | R25: =P25-Q25 -> -1794 | S25: =R25/D25 -> -60.201342 | X25: =E25*$AD$4 -> 0 | Y25: =F25*$AE$4 -> 0 | Z25: =G25*$AF$4 -> 0 | AA25: =H25*$AG$4 -> 0 | AB25: =I25*$AH$4 -> 0 | AC25: =SUM(X25:AB25) -> 0 | AI25: =SUM(AD25:AH25) -> 0
B26: 11226 | C26: SS439; Sheet; 1.2mm thk × 1219mm W × 2438mm L | D26: ='Monthly Material Planning'!$D$22 -> 27.3 | G26: ='Cumulative Material Use'!$E$27 -> 0.47901 | K26: =E26*$K$4 -> 0 | L26: =F26*$L$4 -> 0 | M26: =G26*$M$4 -> 0 | N26: =H26*$N$4 -> 0 | O26: =I26*$O$4 -> 0 | P26: =SUM(K26:O26) -> 0 | Q26: 251.64 | R26: =P26-Q26 -> -251.64 | S26: =R26/D26 -> -9.2175824 | X26: =E26*$AD$4 -> 0 | Y26: =F26*$AE$4 -> 0 | Z26: =G26*$AF$4 -> 0 | AA26: =H26*$AG$4 -> 0 | AB26: =I26*$AH$4 -> 0 | AC26: =SUM(X26:AB26) -> 0 | AI26: =SUM(AD26:AH26) -> 0
B27: 10074 | C27: SS304; Sheet; 0.8mm x 1219mm W × 2438mm L | D27: ='Monthly Material Planning'!$D$23 -> 19 | H27: ='Cumulative Material Use'!$E$37 -> 0.00792 | N27: =H27*$N$4 -> 83.16 | Q27: 395.76 | S27: =R27/D27 -> 0 | AA27: =H27*$AG$4 -> 0
B28: 11291 | C28: SS201; Wire; 4mm dia x 2400mm L | D28: ='Monthly Material Planning'!$D$24 -> 0.2379 | G28: ='Cumulative Material Use'!$E$28 -> 0.0804 | K28: =E28*$K$4 -> 0 | L28: =F28*$L$4 -> 0 | M28: =G28*$M$4 -> 0 | N28: =H28*$N$4 -> 0 | O28: =I28*$O$4 -> 0 | P28: =SUM(K28:O28) -> 0 | R28: =P28-Q28 -> 0 | S28: =R28/D28 -> 0 | X28: =E28*$AD$4 -> 0 | Y28: =F28*$AE$4 -> 0 | Z28: =G28*$AF$4 -> 0 | AA28: =H28*$AG$4 -> 0 | AB28: =I28*$AH$4 -> 0 | AC28: =SUM(X28:AB28) -> 0 | AI28: =SUM(AD28:AH28) -> 0
B29: 11290 | C29: SS201; Wire; 3mm dia x 2400mm L | D29: ='Monthly Material Planning'!$D$25 -> 0.1308 | G29: ='Cumulative Material Use'!$E$29 -> 0.0555 | K29: =E29*$K$4 -> 0 | L29: =F29*$L$4 -> 0 | M29: =G29*$M$4 -> 0 | N29: =H29*$N$4 -> 0 | O29: =I29*$O$4 -> 0 | P29: =SUM(K29:O29) -> 0 | R29: =P29-Q29 -> 0 | S29: =R29/D29 -> 0 | X29: =E29*$AD$4 -> 0 | Y29: =F29*$AE$4 -> 0 | Z29: =G29*$AF$4 -> 0 | AA29: =H29*$AG$4 -> 0 | AB29: =I29*$AH$4 -> 0 | AC29: =SUM(X29:AB29) -> 0 | AI29: =SUM(AD29:AH29) -> 0
B31: Week3
B32: Material Part # | C32: Raw Material Description | D32: Sheet Weight | E32: Material Requirement/ Product | K32: Projected Weekly Material Requirement (Kgs) | Q32: Opening Material Balance (Kg) | R32: Net Material Requirement (Kg) | S32: Net Material Requirement (Pcs) | T32: Material Physically Received (Kg) | U32: Material Transferred to Prod. In NAV (Kg) | V32: Projected Scrap | X32: Expected Material Consumption based on Actual Products Made(Kgs) | AD32: Actual Monthly Material Consumption (Kgs) | AJ32: Actual Scrap | AL32: Material Use Variance [Expected vs Actual] | AM32: Any change in Material within the Week on the Final Product (TPD/ ECN)? | AN32: Any other reason for Variance? | AO32: Closing Material Balances (Kg)
E33: KCB2 | F33: KCA5 | G33: KWB3.1 | H33: KCA3.5 | I33: KAB3 | K33: KCB2 | L33: KCA5 | M33: KWB3.1 | N33: KCA3.5 | O33: KAB3 | P33: All Products | V33: % | W33: Kgs | X33: KCB2 | Y33: KCA5 | Z33: KWB3.1 | AA33: KCA3.5 | AB33: KAB3 | AC33: All Products | AD33: KCB2 | AE33: KCA5 | AF33: KWB3.1 | AG33: KCA3.5 | AH33: KAB3 | AI33: All Products | AJ33: Kgs | AK33: %
B34: 11279 | C34: AZ150 0.6mm Galvalume Coated Carbon Steel; Sheet; 1219mm W × 2300mm L | D34: ='Monthly Material Planning'!$D$8 -> 12.8 | E34: ='Cumulative Material Use'!$E$3 -> 0.9643 | F34: ='Cumulative Material Use'!$E$11 -> 0.2414 | G34: ='Cumulative Material Use'!$E$24 -> 0.5068 | H34: ='Cumulative Material Use'!$E$34 -> 0.969 | K34: =E34*$K$5 -> 0 | L34: =F34*$L$5 -> 0 | M34: =G34*$M$5 -> 0 | N34: =H34*$N$5 -> 0 | O34: =I34*$O$5 -> 0 | P34: =SUM(K34:O34) -> 0 | R34: =P34-Q34 -> 0 | S34: =R34/D34 -> 0 | X34: =E34*$AD$5 -> 0 | Y34: =F34*$AE$5 -> 0 | Z34: =G34*$AF$5 -> 0 | AA34: =H34*$AG$5 -> 0 | AB34: =I34*$AH$5 -> 0 | AC34: =SUM(X34:AB34) -> 0 | AI34: =SUM(AD34:AH34) -> 0
B35: 10072B | C35: AZ100 0.7 Galvalume Sheet; 1219mm W x 2438mm L | D35: ='Monthly Material Planning'!$D$9 -> 17 | E35: ='Cumulative Material Use'!$E$4 -> 0.2646 | H35: ='Cumulative Material Use'!$E$38 -> 0.0636 | K35: =E35*$K$5 -> 0 | L35: =F35*$L$5 -> 0 | M35: =G35*$M$5 -> 0 | N35: =H35*$N$5 -> 0 | O35: =I35*$O$5 -> 0 | P35: =SUM(K35:O35) -> 0 | R35: =P35-Q35 -> 0 | S35: =R35/D35 -> 0 | X35: =E35*$AD$5 -> 0 | Y35: =F35*$AE$5 -> 0 | Z35: =G35*$AF$5 -> 0 | AA35: =H35*$AG$5 -> 0 | AB35: =I35*$AH$5 -> 0 | AC35: =SUM(X35:AB35) -> 0 | AI35: =SUM(AD35:AH35) -> 0
B36: 10154 | C36: SS439; Sheet; With PVC Coating; 0.6mm thk x 1219mm W × 2438mm L | D36: ='Monthly Material Planning'!$D$10 -> 13.5 | E36: ='Cumulative Material Use'!$E$5 -> 0.054 | F36: ='Cumulative Material Use'!$E$13 -> 0.1646 | G36: ='Cumulative Material Use'!$E$20 -> 0.68471 | H36: ='Cumulative Material Use'!$E$35 -> 0.1899 | I36: ='Cumulative Material Use'!$E$31 -> 0.0576 | K36: =E36*$K$5 -> 0 | L36: =F36*$L$5 -> 0 | M36: =G36*$M$5 -> 0 | N36: =H36*$N$5 -> 0 | O36: =I36*$O$5 -> 0 | P36: =SUM(K36:O36) -> 0 | R36: =P36-Q36 -> 0 | S36: =R36/D36 -> 0 | X36: =E36*$AD$5 -> 0 | Y36: =F36*$AE$5 -> 0 | Z36: =G36*$AF$5 -> 0 | AA36: =H36*$AG$5 -> 0 | AB36: =I36*$AH$5 -> 0 | AC36: =SUM(X36:AB36) -> 0 | AI36: =SUM(AD36:AH36) -> 0
B37: 10155 | C37: SS439; Sheet; With PVC Coating; 0.8mm thk × 1219mm W x 2438mm L | D37: ='Monthly Material Planning'!$D$11 -> 18.1 | E37: ='Cumulative Material Use'!$E$6 -> 0.66821 | F37: ='Cumulative Material Use'!$E$15 -> 0.50701 | G37: ='Cumulative Material Use'!$E$26 -> 0.0789 | H37: ='Cumulative Material Use'!$E$36 -> 0.4622 | K37: =E37*$K$5 -> 0 | L37: =F37*$L$5 -> 0 | M37: =G37*$M$5 -> 0 | N37: =H37*$N$5 -> 0 | O37: =I37*$O$5 -> 0 | P37: =SUM(K37:O37) -> 0 | R37: =P37-Q37 -> 0 | S37: =R37/D37 -> 0 | X37: =E37*$AD$5 -> 0 | Y37: =F37*$AE$5 -> 0 | Z37: =G37*$AF$5 -> 0 | AA37: =H37*$AG$5 -> 0 | AB37: =I37*$AH$5 -> 0 | AC37: =SUM(X37:AB37) -> 0 | AI37: =SUM(AD37:AH37) -> 0
B38: 11332 | C38: SS321; Sheet; 1.5mm thk × 1000mm W x 2660mm L | D38: ='Monthly Material Planning'!$D$12 -> 31.7 | E38: ='Cumulative Material Use'!$E$7 -> 0.5167 | F38: ='Cumulative Material Use'!$E$16 -> 0.5267 | H38: ='Cumulative Material Use'!$E$42 -> 0.5852 | K38: =E38*$K$5 -> 0 | L38: =F38*$L$5 -> 0 | M38: =G38*$M$5 -> 0 | N38: =H38*$N$5 -> 0 | O38: =I38*$O$5 -> 0 | P38: =SUM(K38:O38) -> 0 | R38: =P38-Q38 -> 0 | S38: =R38/D38 -> 0 | X38: =E38*$AD$5 -> 0 | Y38: =F38*$AE$5 -> 0 | Z38: =G38*$AF$5 -> 0 | AA38: =H38*$AG$5 -> 0 | AB38: =I38*$AH$5 -> 0 | AC38: =SUM(X38:AB38) -> 0 | AI38: =SUM(AD38:AH38) -> 0
B39: 10070B | C39: 1008 0.6 CRCA Carbon Steel; Sheet; 1219mm W × 2675mm L | D39: ='Monthly Material Planning'!$D$13 -> 15.6 | E39: ='Cumulative Material Use'!$E$8 -> 1.08 | H39: ='Cumulative Material Use'!$E$39 -> 0.8213 | K39: =E39*$K$5 -> 0 | L39: =F39*$L$5 -> 0 | M39: =G39*$M$5 -> 0 | N39: =H39*$N$5 -> 0 | O39: =I39*$O$5 -> 0 | P39: =SUM(K39:O39) -> 0 | R39: =P39-Q39 -> 0 | S39: =R39/D39 -> 0 | X39: =E39*$AD$5 -> 0 | Y39: =F39*$AE$5 -> 0 | Z39: =G39*$AF$5 -> 0 | AA39: =H39*$AG$5 -> 0 | AB39: =I39*$AH$5 -> 0 | AC39: =SUM(X39:AB39) -> 0 | AI39: =SUM(AD39:AH39) -> 0
B40: 11090 | C40: SS201; Sheet; With PVC Coating; 0.5mm thk x 1219.2mm W × 2675mm L; Hairline | D40: ='Monthly Material Planning'!$D$14 -> 12.7 | E40: ='Cumulative Material Use'!$E$9 -> 0.0356 | F40: ='Cumulative Material Use'!$E$14 -> 0.07214 | G40: ='Cumulative Material Use'!$E$23 -> 0.01154 | H40: ='Cumulative Material Use'!$E$40 -> 0.01154 | I40: ='Cumulative Material Use'!$E$30 -> 0.40645 | K40: =E40*$K$5 -> 0 | L40: =F40*$L$5 -> 0 | M40: =G40*$M$5 -> 0 | N40: =H40*$N$5 -> 0 | O40: =I40*$O$5 -> 0 | P40: =SUM(K40:O40) -> 0 | R40: =P40-Q40 -> 0 | S40: =R40/D40 -> 0 | X40: =E40*$AD$5 -> 0 | Y40: =F40*$AE$5 -> 0 | Z40: =G40*$AF$5 -> 0 | AA40: =H40*$AG$5 -> 0 | AB40: =I40*$AH$5 -> 0 | AC40: =SUM(X40:AB40) -> 0 | AI40: =SUM(AD40:AH40) -> 0
B41: 10073 | C41: Carbon Steel Tubing; 10mm OD x 1mm wall x 3m L | D41: ='Monthly Material Planning'!$D$15 -> 0 | E41: ='Cumulative Material Use'!$E$10 -> 0.11 | H41: ='Cumulative Material Use'!$E$41 -> 0.11 | K41: =E41*$K$5 -> 0 | L41: =F41*$L$5 -> 0 | M41: =G41*$M$5 -> 0 | N41: =H41*$N$5 -> 0 | O41: =I41*$O$5 -> 0 | P41: =SUM(K41:O41) -> 0 | R41: =P41-Q41 -> 0 | S41: =R41/D41 -> #DIV/0! | X41: =E41*$AD$5 -> 0 | Y41: =F41*$AE$5 -> 0 | Z41: =G41*$AF$5 -> 0 | AA41: =H41*$AG$5 -> 0 | AB41: =I41*$AH$5 -> 0 | AC41: =SUM(X41:AB41) -> 0 | AI41: =SUM(AD41:AH41) -> 0
B42: 10970 | C42: AZ150 0.6mm Galvalume Coated Steel Sheet; 1219mm w x 2500mm L (DX53D) | D42: ='Monthly Material Planning'!$D$16 -> 13.6 | F42: ='Cumulative Material Use'!$E$12 -> 0.4103 | K42: =E42*$K$5 -> 0 | L42: =F42*$L$5 -> 0 | M42: =G42*$M$5 -> 0 | N42: =H42*$N$5 -> 0 | O42: =I42*$O$5 -> 0 | P42: =SUM(K42:O42) -> 0 | R42: =P42-Q42 -> 0 | S42: =R42/D42 -> 0 | X42: =E42*$AD$5 -> 0 | Y42: =F42*$AE$5 -> 0 | Z42: =G42*$AF$5 -> 0 | AA42: =H42*$AG$5 -> 0 | AB42: =I42*$AH$5 -> 0 | AC42: =SUM(X42:AB42) -> 0 | AI42: =SUM(AD42:AH42) -> 0
B43: 11213B | C43: SS201; Sheet; With PVC Coating; 0.4mm thk x 1219mm W × 2438mm L; Hairline | D43: ='Monthly Material Planning'!$D$17 -> 10 | F43: ='Cumulative Material Use'!$E$17 -> 0.55556 | K43: =E43*$K$5 -> 0 | L43: =F43*$L$5 -> 0 | M43: =G43*$M$5 -> 0 | N43: =H43*$N$5 -> 0 | O43: =I43*$O$5 -> 0 | P43: =SUM(K43:O43) -> 0 | R43: =P43-Q43 -> 0 | S43: =R43/D43 -> 0 | X43: =E43*$AD$5 -> 0 | Y43: =F43*$AE$5 -> 0 | Z43: =G43*$AF$5 -> 0 | AA43: =H43*$AG$5 -> 0 | AB43: =I43*$AH$5 -> 0 | AC43: =SUM(X43:AB43) -> 0 | AI43: =SUM(AD43:AH43) -> 0
B44: 11442 | C44: SS201; Sheet; Without PVC Coating; 0.8mm thk x 1219mm W × 2438mm L; BA Finish | D44: ='Monthly Material Planning'!$D$18 -> 17.7 | F44: ='Cumulative Material Use'!$E$18 -> 0.07434 | G44: ='Cumulative Material Use'!$E$21 -> 0.07434 | K44: =E44*$K$5 -> 0 | L44: =F44*$L$5 -> 0 | M44: =G44*$M$5 -> 0 | N44: =H44*$N$5 -> 0 | O44: =I44*$O$5 -> 0 | P44: =SUM(K44:O44) -> 0 | R44: =P44-Q44 -> 0 | S44: =R44/D44 -> 0 | X44: =E44*$AD$5 -> 0 | Y44: =F44*$AE$5 -> 0 | Z44: =G44*$AF$5 -> 0 | AA44: =H44*$AG$5 -> 0 | AB44: =I44*$AH$5 -> 0 | AC44: =SUM(X44:AB44) -> 0 | AI44: =SUM(AD44:AH44) -> 0
B45: 11515 | C45: SS201; Sheet; With PVC Coating; 0.4mm thk x 1219mm × 2190mm L; Hairline | D45: ='Monthly Material Planning'!$D$19 -> 9.16 | G45: ='Cumulative Material Use'!$E$19 -> 0.71703 | K45: =E45*$K$5 -> 0 | L45: =F45*$L$5 -> 0 | M45: =G45*$M$5 -> 0 | N45: =H45*$N$5 -> 0 | O45: =I45*$O$5 -> 0 | P45: =SUM(K45:O45) -> 0 | R45: =P45-Q45 -> 0 | S45: =R45/D45 -> 0 | X45: =E45*$AD$5 -> 0 | Y45: =F45*$AE$5 -> 0 | Z45: =G45*$AF$5 -> 0 | AA45: =H45*$AG$5 -> 0 | AB45: =I45*$AH$5 -> 0 | AC45: =SUM(X45:AB45) -> 0 | AI45: =SUM(AD45:AH45) -> 0
B46: 10296A | C46: AZ100 0.2 Galvalume Sheet; 975mm W x 2438mm L | D46: ='Monthly Material Planning'!$D$20 -> 3.55 | G46: ='Cumulative Material Use'!$E$22 -> 0.1961 | K46: =E46*$K$5 -> 0 | L46: =F46*$L$5 -> 0 | M46: =G46*$M$5 -> 0 | N46: =H46*$N$5 -> 0 | O46: =I46*$O$5 -> 0 | P46: =SUM(K46:O46) -> 0 | R46: =P46-Q46 -> 0 | S46: =R46/D46 -> 0 | X46: =E46*$AD$5 -> 0 | Y46: =F46*$AE$5 -> 0 | Z46: =G46*$AF$5 -> 0 | AA46: =H46*$AG$5 -> 0 | AB46: =I46*$AH$5 -> 0 | AC46: =SUM(X46:AB46) -> 0 | AI46: =SUM(AD46:AH46) -> 0
B47: 11040B | C47: SS304; Sheet; 1.2mm thk × 1219.2mm W × 2620mm L | D47: ='Monthly Material Planning'!$D$21 -> 29.8 | G47: ='Cumulative Material Use'!$E$25 -> 0.4495 | I47: ='Cumulative Material Use'!$E$32 -> 0.0266 | K47: =E47*$K$5 -> 0 | L47: =F47*$L$5 -> 0 | M47: =G47*$M$5 -> 0 | N47: =H47*$N$5 -> 0 | O47: =I47*$O$5 -> 0 | P47: =SUM(K47:O47) -> 0 | R47: =P47-Q47 -> 0 | S47: =R47/D47 -> 0 | X47: =E47*$AD$5 -> 0 | Y47: =F47*$AE$5 -> 0 | Z47: =G47*$AF$5 -> 0 | AA47: =H47*$AG$5 -> 0 | AB47: =I47*$AH$5 -> 0 | AC47: =SUM(X47:AB47) -> 0 | AI47: =SUM(AD47:AH47) -> 0
B48: 11226 | C48: SS439; Sheet; 1.2mm thk × 1219mm W × 2438mm L | D48: ='Monthly Material Planning'!$D$22 -> 27.3 | G48: ='Cumulative Material Use'!$E$27 -> 0.47901 | K48: =E48*$K$5 -> 0 | L48: =F48*$L$5 -> 0 | M48: =G48*$M$5 -> 0 | N48: =H48*$N$5 -> 0 | O48: =I48*$O$5 -> 0 | P48: =SUM(K48:O48) -> 0 | R48: =P48-Q48 -> 0 | S48: =R48/D48 -> 0 | X48: =E48*$AD$5 -> 0 | Y48: =F48*$AE$5 -> 0 | Z48: =G48*$AF$5 -> 0 | AA48: =H48*$AG$5 -> 0 | AB48: =I48*$AH$5 -> 0 | AC48: =SUM(X48:AB48) -> 0 | AI48: =SUM(AD48:AH48) -> 0
B49: 10074 | C49: SS304; Sheet; 0.8mm x 1219mm W × 2438mm L | D49: ='Monthly Material Planning'!$D$23 -> 19 | H49: ='Cumulative Material Use'!$E$37 -> 0.00792 | N49: =H49*$N$5 -> 0 | S49: =R49/D49 -> 0 | AA49: =H49*$AG$5 -> 0
B50: 11291 | C50: SS201; Wire; 4mm dia x 2400mm L | D50: ='Monthly Material Planning'!$D$24 -> 0.2379 | G50: ='Cumulative Material Use'!$E$28 -> 0.0804 | K50: =E50*$K$5 -> 0 | L50: =F50*$L$5 -> 0 | M50: =G50*$M$5 -> 0 | N50: =H50*$N$5 -> 0 | O50: =I50*$O$5 -> 0 | P50: =SUM(K50:O50) -> 0 | R50: =P50-Q50 -> 0 | S50: =R50/D50 -> 0 | X50: =E50*$AD$5 -> 0 | Y50: =F50*$AE$5 -> 0 | Z50: =G50*$AF$5 -> 0 | AA50: =H50*$AG$5 -> 0 | AB50: =I50*$AH$5 -> 0 | AC50: =SUM(X50:AB50) -> 0 | AI50: =SUM(AD50:AH50) -> 0
B51: 11290 | C51: SS201; Wire; 3mm dia x 2400mm L | D51: ='Monthly Material Planning'!$D$25 -> 0.1308 | G51: ='Cumulative Material Use'!$E$29 -> 0.0555 | K51: =E51*$K$5 -> 0 | L51: =F51*$L$5 -> 0 | M51: =G51*$M$5 -> 0 | N51: =H51*$N$5 -> 0 | O51: =I51*$O$5 -> 0 | P51: =SUM(K51:O51) -> 0 | R51: =P51-Q51 -> 0 | S51: =R51/D51 -> 0 | X51: =E51*$AD$5 -> 0 | Y51: =F51*$AE$5 -> 0 | Z51: =G51*$AF$5 -> 0 | AA51: =H51*$AG$5 -> 0 | AB51: =I51*$AH$5 -> 0 | AC51: =SUM(X51:AB51) -> 0 | AI51: =SUM(AD51:AH51) -> 0
B53: Week4
B54: Material Part # | C54: Raw Material Description | D54: Sheet Weight | E54: Material Requirement/ Product | K54: Projected Weekly Material Requirement (Kgs) | Q54: Opening Material Balance (Kg) | R54: Net Material Requirement (Kg) | S54: Net Material Requirement (Pcs) | T54: Material Physically Received (Kg) | U54: Material Transferred to Prod. In NAV (Kg) | V54: Projected Scrap | X54: Expected Material Consumption based on Actual Products Made(Kgs) | AD54: Actual Monthly Material Consumption (Kgs) | AJ54: Actual Scrap | AL54: Material Use Variance [Expected vs Actual] | AM54: Any change in Material within the Week on the Final Product (TPD/ ECN)? | AN54: Any other reason for Variance? | AO54: Closing Material Balances (Kg)
E55: KCB2 | F55: KCA5 | G55: KWB3.1 | H55: KCA3.5 | I55: KAB3 | K55: KCB2 | L55: KCA5 | M55: KWB3.1 | N55: KCA3.5 | O55: KAB3 | P55: All Products | V55: % | W55: Kgs | X55: KCB2 | Y55: KCA5 | Z55: KWB3.1 | AA55: KCA3.5 | AB55: KAB3 | AC55: All Products | AD55: KCB2 | AE55: KCA5 | AF55: KWB3.1 | AG55: KCA3.5 | AH55: KAB3 | AI55: All Products | AJ55: Kgs | AK55: %
B56: 11279 | C56: AZ150 0.6mm Galvalume Coated Carbon Steel; Sheet; 1219mm W × 2300mm L | D56: ='Monthly Material Planning'!$D$8 -> 12.8 | E56: ='Cumulative Material Use'!$E$3 -> 0.9643 | F56: ='Cumulative Material Use'!$E$11 -> 0.2414 | G56: ='Cumulative Material Use'!$E$24 -> 0.5068 | H56: ='Cumulative Material Use'!$E$34 -> 0.969 | K56: =E56*$K$6 -> 0 | L56: =F56*$L$6 -> 0 | M56: =G56*$M$6 -> 0 | N56: =H56*$N$6 -> 0 | O56: =I56*$O$6 -> 0 | P56: =SUM(K56:O56) -> 0 | R56: =P56-Q56 -> 0 | S56: =R56/D56 -> 0 | X56: =E56*$AD$6 -> 0 | Y56: =F56*$AE$6 -> 0 | Z56: =G56*$AF$6 -> 0 | AA56: =H56*$AG$6 -> 0 | AB56: =I56*$AH$6 -> 0 | AC56: =SUM(X56:AB56) -> 0 | AI56: =SUM(AD56:AH56) -> 0
B57: 10072B | C57: AZ100 0.7 Galvalume Sheet; 1219mm W x 2438mm L | D57: ='Monthly Material Planning'!$D$9 -> 17 | E57: ='Cumulative Material Use'!$E$4 -> 0.2646 | H57: ='Cumulative Material Use'!$E$38 -> 0.0636 | K57: =E57*$K$6 -> 0 | L57: =F57*$L$6 -> 0 | M57: =G57*$M$6 -> 0 | N57: =H57*$N$6 -> 0 | O57: =I57*$O$6 -> 0 | P57: =SUM(K57:O57) -> 0 | R57: =P57-Q57 -> 0 | S57: =R57/D57 -> 0 | X57: =E57*$AD$6 -> 0 | Y57: =F57*$AE$6 -> 0 | Z57: =G57*$AF$6 -> 0 | AA57: =H57*$AG$6 -> 0 | AB57: =I57*$AH$6 -> 0 | AC57: =SUM(X57:AB57) -> 0 | AI57: =SUM(AD57:AH57) -> 0
B58: 10154 | C58: SS439; Sheet; With PVC Coating; 0.6mm thk x 1219mm W × 2438mm L | D58: ='Monthly Material Planning'!$D$10 -> 13.5 | E58: ='Cumulative Material Use'!$E$5 -> 0.054 | F58: ='Cumulative Material Use'!$E$13 -> 0.1646 | G58: ='Cumulative Material Use'!$E$20 -> 0.68471 | H58: ='Cumulative Material Use'!$E$35 -> 0.1899 | I58: ='Cumulative Material Use'!$E$31 -> 0.0576 | K58: =E58*$K$6 -> 0 | L58: =F58*$L$6 -> 0 | M58: =G58*$M$6 -> 0 | N58: =H58*$N$6 -> 0 | O58: =I58*$O$6 -> 0 | P58: =SUM(K58:O58) -> 0 | R58: =P58-Q58 -> 0 | S58: =R58/D58 -> 0 | X58: =E58*$AD$6 -> 0 | Y58: =F58*$AE$6 -> 0 | Z58: =G58*$AF$6 -> 0 | AA58: =H58*$AG$6 -> 0 | AB58: =I58*$AH$6 -> 0 | AC58: =SUM(X58:AB58) -> 0 | AI58: =SUM(AD58:AH58) -> 0
B59: 10155 | C59: SS439; Sheet; With PVC Coating; 0.8mm thk × 1219mm W x 2438mm L | D59: ='Monthly Material Planning'!$D$11 -> 18.1 | E59: ='Cumulative Material Use'!$E$6 -> 0.66821 | F59: ='Cumulative Material Use'!$E$15 -> 0.50701 | G59: ='Cumulative Material Use'!$E$26 -> 0.0789 | H59: ='Cumulative Material Use'!$E$36 -> 0.4622 | K59: =E59*$K$6 -> 0 | L59: =F59*$L$6 -> 0 | M59: =G59*$M$6 -> 0 | N59: =H59*$N$6 -> 0 | O59: =I59*$O$6 -> 0 | P59: =SUM(K59:O59) -> 0 | R59: =P59-Q59 -> 0 | S59: =R59/D59 -> 0 | X59: =E59*$AD$6 -> 0 | Y59: =F59*$AE$6 -> 0 | Z59: =G59*$AF$6 -> 0 | AA59: =H59*$AG$6 -> 0 | AB59: =I59*$AH$6 -> 0 | AC59: =SUM(X59:AB59) -> 0 | AI59: =SUM(AD59:AH59) -> 0
B60: 11332 | C60: SS321; Sheet; 1.5mm thk × 1000mm W x 2660mm L | D60: ='Monthly Material Planning'!$D$12 -> 31.7 | E60: ='Cumulative Material Use'!$E$7 -> 0.5167 | F60: ='Cumulative Material Use'!$E$16 -> 0.5267 | H60: ='Cumulative Material Use'!$E$42 -> 0.5852 | K60: =E60*$K$6 -> 0 | L60: =F60*$L$6 -> 0 | M60: =G60*$M$6 -> 0 | N60: =H60*$N$6 -> 0 | O60: =I60*$O$6 -> 0 | P60: =SUM(K60:O60) -> 0 | R60: =P60-Q60 -> 0 | S60: =R60/D60 -> 0 | X60: =E60*$AD$6 -> 0 | Y60: =F60*$AE$6 -> 0 | Z60: =G60*$AF$6 -> 0 | AA60: =H60*$AG$6 -> 0 | AB60: =I60*$AH$6 -> 0 | AC60: =SUM(X60:AB60) -> 0 | AI60: =SUM(AD60:AH60) -> 0
B61: 10070B | C61: 1008 0.6 CRCA Carbon Steel; Sheet; 1219mm W × 2675mm L | D61: ='Monthly Material Planning'!$D$13 -> 15.6 | E61: ='Cumulative Material Use'!$E$8 -> 1.08 | H61: ='Cumulative Material Use'!$E$39 -> 0.8213 | K61: =E61*$K$6 -> 0 | L61: =F61*$L$6 -> 0 | M61: =G61*$M$6 -> 0 | N61: =H61*$N$6 -> 0 | O61: =I61*$O$6 -> 0 | P61: =SUM(K61:O61) -> 0 | R61: =P61-Q61 -> 0 | S61: =R61/D61 -> 0 | X61: =E61*$AD$6 -> 0 | Y61: =F61*$AE$6 -> 0 | Z61: =G61*$AF$6 -> 0 | AA61: =H61*$AG$6 -> 0 | AB61: =I61*$AH$6 -> 0 | AC61: =SUM(X61:AB61) -> 0 | AI61: =SUM(AD61:AH61) -> 0
B62: 11090 | C62: SS201; Sheet; With PVC Coating; 0.5mm thk x 1219.2mm W × 2675mm L; Hairline | D62: ='Monthly Material Planning'!$D$14 -> 12.7 | E62: ='Cumulative Material Use'!$E$9 -> 0.0356 | F62: ='Cumulative Material Use'!$E$14 -> 0.07214 | G62: ='Cumulative Material Use'!$E$23 -> 0.01154 | H62: ='Cumulative Material Use'!$E$40 -> 0.01154 | I62: ='Cumulative Material Use'!$E$30 -> 0.40645 | K62: =E62*$K$6 -> 0 | L62: =F62*$L$6 -> 0 | M62: =G62*$M$6 -> 0 | N62: =H62*$N$6 -> 0 | O62: =I62*$O$6 -> 0 | P62: =SUM(K62:O62) -> 0 | R62: =P62-Q62 -> 0 | S62: =R62/D62 -> 0 | X62: =E62*$AD$6 -> 0 | Y62: =F62*$AE$6 -> 0 | Z62: =G62*$AF$6 -> 0 | AA62: =H62*$AG$6 -> 0 | AB62: =I62*$AH$6 -> 0 | AC62: =SUM(X62:AB62) -> 0 | AI62: =SUM(AD62:AH62) -> 0
B63: 10073 | C63: Carbon Steel Tubing; 10mm OD x 1mm wall x 3m L | D63: ='Monthly Material Planning'!$D$15 -> 0 | E63: ='Cumulative Material Use'!$E$10 -> 0.11 | H63: ='Cumulative Material Use'!$E$41 -> 0.11 | K63: =E63*$K$6 -> 0 | L63: =F63*$L$6 -> 0 | M63: =G63*$M$6 -> 0 | N63: =H63*$N$6 -> 0 | O63: =I63*$O$6 -> 0 | P63: =SUM(K63:O63) -> 0 | R63: =P63-Q63 -> 0 | S63: =R63/D63 -> #DIV/0! | X63: =E63*$AD$6 -> 0 | Y63: =F63*$AE$6 -> 0 | Z63: =G63*$AF$6 -> 0 | AA63: =H63*$AG$6 -> 0 | AB63: =I63*$AH$6 -> 0 | AC63: =SUM(X63:AB63) -> 0 | AI63: =SUM(AD63:AH63) -> 0
B64: 10970 | C64: AZ150 0.6mm Galvalume Coated Steel Sheet; 1219mm w x 2500mm L (DX53D) | D64: ='Monthly Material Planning'!$D$16 -> 13.6 | F64: ='Cumulative Material Use'!$E$12 -> 0.4103 | K64: =E64*$K$6 -> 0 | L64: =F64*$L$6 -> 0 | M64: =G64*$M$6 -> 0 | N64: =H64*$N$6 -> 0 | O64: =I64*$O$6 -> 0 | P64: =SUM(K64:O64) -> 0 | R64: =P64-Q64 -> 0 | S64: =R64/D64 -> 0 | X64: =E64*$AD$6 -> 0 | Y64: =F64*$AE$6 -> 0 | Z64: =G64*$AF$6 -> 0 | AA64: =H64*$AG$6 -> 0 | AB64: =I64*$AH$6 -> 0 | AC64: =SUM(X64:AB64) -> 0 | AI64: =SUM(AD64:AH64) -> 0
B65: 11213B | C65: SS201; Sheet; With PVC Coating; 0.4mm thk x 1219mm W × 2438mm L; Hairline | D65: ='Monthly Material Planning'!$D$17 -> 10 | F65: ='Cumulative Material Use'!$E$17 -> 0.55556 | K65: =E65*$K$6 -> 0 | L65: =F65*$L$6 -> 0 | M65: =G65*$M$6 -> 0 | N65: =H65*$N$6 -> 0 | O65: =I65*$O$6 -> 0 | P65: =SUM(K65:O65) -> 0 | R65: =P65-Q65 -> 0 | S65: =R65/D65 -> 0 | X65: =E65*$AD$6 -> 0 | Y65: =F65*$AE$6 -> 0 | Z65: =G65*$AF$6 -> 0 | AA65: =H65*$AG$6 -> 0 | AB65: =I65*$AH$6 -> 0 | AC65: =SUM(X65:AB65) -> 0 | AI65: =SUM(AD65:AH65) -> 0
B66: 11442 | C66: SS201; Sheet; Without PVC Coating; 0.8mm thk x 1219mm W × 2438mm L; BA Finish | D66: ='Monthly Material Planning'!$D$18 -> 17.7 | F66: ='Cumulative Material Use'!$E$18 -> 0.07434 | G66: ='Cumulative Material Use'!$E$21 -> 0.07434 | K66: =E66*$K$6 -> 0 | L66: =F66*$L$6 -> 0 | M66: =G66*$M$6 -> 0 | N66: =H66*$N$6 -> 0 | O66: =I66*$O$6 -> 0 | P66: =SUM(K66:O66) -> 0 | R66: =P66-Q66 -> 0 | S66: =R66/D66 -> 0 | X66: =E66*$AD$6 -> 0 | Y66: =F66*$AE$6 -> 0 | Z66: =G66*$AF$6 -> 0 | AA66: =H66*$AG$6 -> 0 | AB66: =I66*$AH$6 -> 0 | AC66: =SUM(X66:AB66) -> 0 | AI66: =SUM(AD66:AH66) -> 0
B67: 11515 | C67: SS201; Sheet; With PVC Coating; 0.4mm thk x 1219mm × 2190mm L; Hairline | D67: ='Monthly Material Planning'!$D$19 -> 9.16 | G67: ='Cumulative Material Use'!$E$19 -> 0.71703 | K67: =E67*$K$6 -> 0 | L67: =F67*$L$6 -> 0 | M67: =G67*$M$6 -> 0 | N67: =H67*$N$6 -> 0 | O67: =I67*$O$6 -> 0 | P67: =SUM(K67:O67) -> 0 | R67: =P67-Q67 -> 0 | S67: =R67/D67 -> 0 | X67: =E67*$AD$6 -> 0 | Y67: =F67*$AE$6 -> 0 | Z67: =G67*$AF$6 -> 0 | AA67: =H67*$AG$6 -> 0 | AB67: =I67*$AH$6 -> 0 | AC67: =SUM(X67:AB67) -> 0 | AI67: =SUM(AD67:AH67) -> 0
B68: 10296A | C68: AZ100 0.2 Galvalume Sheet; 975mm W x 2438mm L | D68: ='Monthly Material Planning'!$D$20 -> 3.55 | G68: ='Cumulative Material Use'!$E$22 -> 0.1961 | K68: =E68*$K$6 -> 0 | L68: =F68*$L$6 -> 0 | M68: =G68*$M$6 -> 0 | N68: =H68*$N$6 -> 0 | O68: =I68*$O$6 -> 0 | P68: =SUM(K68:O68) -> 0 | R68: =P68-Q68 -> 0 | S68: =R68/D68 -> 0 | X68: =E68*$AD$6 -> 0 | Y68: =F68*$AE$6 -> 0 | Z68: =G68*$AF$6 -> 0 | AA68: =H68*$AG$6 -> 0 | AB68: =I68*$AH$6 -> 0 | AC68: =SUM(X68:AB68) -> 0 | AI68: =SUM(AD68:AH68) -> 0
B69: 11040B | C69: SS304; Sheet; 1.2mm thk × 1219.2mm W × 2620mm L | D69: ='Monthly Material Planning'!$D$21 -> 29.8 | G69: ='Cumulative Material Use'!$E$25 -> 0.4495 | I69: ='Cumulative Material Use'!$E$32 -> 0.0266 | K69: =E69*$K$6 -> 0 | L69: =F69*$L$6 -> 0 | M69: =G69*$M$6 -> 0 | N69: =H69*$N$6 -> 0 | O69: =I69*$O$6 -> 0 | P69: =SUM(K69:O69) -> 0 | R69: =P69-Q69 -> 0 | S69: =R69/D69 -> 0 | X69: =E69*$AD$6 -> 0 | Y69: =F69*$AE$6 -> 0 | Z69: =G69*$AF$6 -> 0 | AA69: =H69*$AG$6 -> 0 | AB69: =I69*$AH$6 -> 0 | AC69: =SUM(X69:AB69) -> 0 | AI69: =SUM(AD69:AH69) -> 0
B70: 11226 | C70: SS439; Sheet; 1.2mm thk × 1219mm W × 2438mm L | D70: ='Monthly Material Planning'!$D$22 -> 27.3 | G70: ='Cumulative Material Use'!$E$27 -> 0.47901 | K70: =E70*$K$6 -> 0 | L70: =F70*$L$6 -> 0 | M70: =G70*$M$6 -> 0 | N70: =H70*$N$6 -> 0 | O70: =I70*$O$6 -> 0 | P70: =SUM(K70:O70) -> 0 | R70: =P70-Q70 -> 0 | S70: =R70/D70 -> 0 | X70: =E70*$AD$6 -> 0 | Y70: =F70*$AE$6 -> 0 | Z70: =G70*$AF$6 -> 0 | AA70: =H70*$AG$6 -> 0 | AB70: =I70*$AH$6 -> 0 | AC70: =SUM(X70:AB70) -> 0 | AI70: =SUM(AD70:AH70) -> 0
B71: 10074 | C71: SS304; Sheet; 0.8mm x 1219mm W × 2438mm L | D71: ='Monthly Material Planning'!$D$23 -> 19 | H71: ='Cumulative Material Use'!$E$37 -> 0.00792 | N71: =H71*$N$6 -> 0 | S71: =R71/D71 -> 0 | AA71: =H71*$AG$6 -> 0
B72: 11291 | C72: SS201; Wire; 4mm dia x 2400mm L | D72: ='Monthly Material Planning'!$D$24 -> 0.2379 | G72: ='Cumulative Material Use'!$E$28 -> 0.0804 | K72: =E72*$K$6 -> 0 | L72: =F72*$L$6 -> 0 | M72: =G72*$M$6 -> 0 | N72: =H72*$N$6 -> 0 | O72: =I72*$O$6 -> 0 | P72: =SUM(K72:O72) -> 0 | R72: =P72-Q72 -> 0 | S72: =R72/D72 -> 0 | X72: =E72*$AD$6 -> 0 | Y72: =F72*$AE$6 -> 0 | Z72: =G72*$AF$6 -> 0 | AA72: =H72*$AG$6 -> 0 | AB72: =I72*$AH$6 -> 0 | AC72: =SUM(X72:AB72) -> 0 | AI72: =SUM(AD72:AH72) -> 0
B73: 11290 | C73: SS201; Wire; 3mm dia x 2400mm L | D73: ='Monthly Material Planning'!$D$25 -> 0.1308 | G73: ='Cumulative Material Use'!$E$29 -> 0.0555 | K73: =E73*$K$6 -> 0 | L73: =F73*$L$6 -> 0 | M73: =G73*$M$6 -> 0 | N73: =H73*$N$6 -> 0 | O73: =I73*$O$6 -> 0 | P73: =SUM(K73:O73) -> 0 | R73: =P73-Q73 -> 0 | S73: =R73/D73 -> 0 | X73: =E73*$AD$6 -> 0 | Y73: =F73*$AE$6 -> 0 | Z73: =G73*$AF$6 -> 0 | AA73: =H73*$AG$6 -> 0 | AB73: =I73*$AH$6 -> 0 | AC73: =SUM(X73:AB73) -> 0 | AI73: =SUM(AD73:AH73) -> 0
B75: Week5
B76: Material Part # | C76: Raw Material Description | D76: Sheet Weight | E76: Material Requirement/ Product | K76: Projected Weekly Material Requirement (Kgs) | Q76: Opening Material Balance (Kg) | R76: Net Material Requirement (Kg) | S76: Net Material Requirement (Pcs) | T76: Material Physically Received (Kg) | U76: Material Transferred to Prod. In NAV (Kg) | V76: Projected Scrap | X76: Expected Material Consumption based on Actual Products Made(Kgs) | AD76: Actual Monthly Material Consumption (Kgs) | AJ76: Actual Scrap | AL76: Material Use Variance [Expected vs Actual] | AM76: Any change in Material within the Week on the Final Product (TPD/ ECN)? | AN76: Any other reason for Variance? | AO76: Closing Material Balances (Kg)
E77: KCB2 | F77: KCA5 | G77: KWB3.1 | H77: KCA3.5 | I77: KAB3 | K77: KCB2 | L77: KCA5 | M77: KWB3.1 | N77: KCA3.5 | O77: KAB3 | P77: All Products | V77: % | W77: Kgs | X77: KCB2 | Y77: KCA5 | Z77: KWB3.1 | AA77: KCA3.5 | AB77: KAB3 | AC77: All Products | AD77: KCB2 | AE77: KCA5 | AF77: KWB3.1 | AG77: KCA3.5 | AH77: KAB3 | AI77: All Products | AJ77: Kgs | AK77: %
B78: 11279 | C78: AZ150 0.6mm Galvalume Coated Carbon Steel; Sheet; 1219mm W × 2300mm L | D78: ='Monthly Material Planning'!$D$8 -> 12.8 | E78: ='Cumulative Material Use'!$E$3 -> 0.9643 | F78: ='Cumulative Material Use'!$E$11 -> 0.2414 | G78: ='Cumulative Material Use'!$E$24 -> 0.5068 | H78: ='Cumulative Material Use'!$E$34 -> 0.969 | K78: =E78*$K$7 -> 0 | L78: =F78*$L$7 -> 0 | M78: =G78*$M$7 -> 0 | N78: =H78*$N$7 -> 0 | O78: =I78*$O$7 -> 0 | P78: =SUM(K78:O78) -> 0 | R78: =P78-Q78 -> 0 | S78: =R78/D78 -> 0 | X78: =E78*$AD$7 -> 0 | Y78: =F78*$AE$7 -> 0 | Z78: =G78*$AF$7 -> 0 | AA78: =H78*$AG$7 -> 0 | AB78: =I78*$AH$7 -> 0 | AC78: =SUM(X78:AB78) -> 0 | AI78: =SUM(AD78:AH78) -> 0
B79: 10072B | C79: AZ100 0.7 Galvalume Sheet; 1219mm W x 2438mm L | D79: ='Monthly Material Planning'!$D$9 -> 17 | E79: ='Cumulative Material Use'!$E$4 -> 0.2646 | H79: ='Cumulative Material Use'!$E$38 -> 0.0636 | K79: =E79*$K$7 -> 0 | L79: =F79*$L$7 -> 0 | M79: =G79*$M$7 -> 0 | N79: =H79*$N$7 -> 0 | O79: =I79*$O$7 -> 0 | P79: =SUM(K79:O79) -> 0 | R79: =P79-Q79 -> 0 | S79: =R79/D79 -> 0 | X79: =E79*$AD$7 -> 0 | Y79: =F79*$AE$7 -> 0 | Z79: =G79*$AF$7 -> 0 | AA79: =H79*$AG$7 -> 0 | AB79: =I79*$AH$7 -> 0 | AC79: =SUM(X79:AB79) -> 0 | AI79: =SUM(AD79:AH79) -> 0
B80: 10154 | C80: SS439; Sheet; With PVC Coating; 0.6mm thk x 1219mm W × 2438mm L | D80: ='Monthly Material Planning'!$D$10 -> 13.5 | E80: ='Cumulative Material Use'!$E$5 -> 0.054 | F80: ='Cumulative Material Use'!$E$13 -> 0.1646 | G80: ='Cumulative Material Use'!$E$20 -> 0.68471 | H80: ='Cumulative Material Use'!$E$35 -> 0.1899 | I80: ='Cumulative Material Use'!$E$31 -> 0.0576 | K80: =E80*$K$7 -> 0 | L80: =F80*$L$7 -> 0 | M80: =G80*$M$7 -> 0 | N80: =H80*$N$7 -> 0 | O80: =I80*$O$7 -> 0 | P80: =SUM(K80:O80) -> 0 | R80: =P80-Q80 -> 0 | S80: =R80/D80 -> 0 | X80: =E80*$AD$7 -> 0 | Y80: =F80*$AE$7 -> 0 | Z80: =G80*$AF$7 -> 0 | AA80: =H80*$AG$7 -> 0 | AB80: =I80*$AH$7 -> 0 | AC80: =SUM(X80:AB80) -> 0 | AI80: =SUM(AD80:AH80) -> 0
B81: 10155 | C81: SS439; Sheet; With PVC Coating; 0.8mm thk × 1219mm W x 2438mm L | D81: ='Monthly Material Planning'!$D$11 -> 18.1 | E81: ='Cumulative Material Use'!$E$6 -> 0.66821 | F81: ='Cumulative Material Use'!$E$15 -> 0.50701 | G81: ='Cumulative Material Use'!$E$26 -> 0.0789 | H81: ='Cumulative Material Use'!$E$36 -> 0.4622 | K81: =E81*$K$7 -> 0 | L81: =F81*$L$7 -> 0 | M81: =G81*$M$7 -> 0 | N81: =H81*$N$7 -> 0 | O81: =I81*$O$7 -> 0 | P81: =SUM(K81:O81) -> 0 | R81: =P81-Q81 -> 0 | S81: =R81/D81 -> 0 | X81: =E81*$AD$7 -> 0 | Y81: =F81*$AE$7 -> 0 | Z81: =G81*$AF$7 -> 0 | AA81: =H81*$AG$7 -> 0 | AB81: =I81*$AH$7 -> 0 | AC81: =SUM(X81:AB81) -> 0 | AI81: =SUM(AD81:AH81) -> 0
B82: 11332 | C82: SS321; Sheet; 1.5mm thk × 1000mm W x 2660mm L | D82: ='Monthly Material Planning'!$D$12 -> 31.7 | E82: ='Cumulative Material Use'!$E$7 -> 0.5167 | F82: ='Cumulative Material Use'!$E$16 -> 0.5267 | H82: ='Cumulative Material Use'!$E$42 -> 0.5852 | K82: =E82*$K$7 -> 0 | L82: =F82*$L$7 -> 0 | M82: =G82*$M$7 -> 0 | N82: =H82*$N$7 -> 0 | O82: =I82*$O$7 -> 0 | P82: =SUM(K82:O82) -> 0 | R82: =P82-Q82 -> 0 | S82: =R82/D82 -> 0 | X82: =E82*$AD$7 -> 0 | Y82: =F82*$AE$7 -> 0 | Z82: =G82*$AF$7 -> 0 | AA82: =H82*$AG$7 -> 0 | AB82: =I82*$AH$7 -> 0 | AC82: =SUM(X82:AB82) -> 0 | AI82: =SUM(AD82:AH82) -> 0
B83: 10070B | C83: 1008 0.6 CRCA Carbon Steel; Sheet; 1219mm W × 2675mm L | D83: ='Monthly Material Planning'!$D$13 -> 15.6 | E83: ='Cumulative Material Use'!$E$8 -> 1.08 | H83: ='Cumulative Material Use'!$E$39 -> 0.8213 | K83: =E83*$K$7 -> 0 | L83: =F83*$L$7 -> 0 | M83: =G83*$M$7 -> 0 | N83: =H83*$N$7 -> 0 | O83: =I83*$O$7 -> 0 | P83: =SUM(K83:O83) -> 0 | R83: =P83-Q83 -> 0 | S83: =R83/D83 -> 0 | X83: =E83*$AD$7 -> 0 | Y83: =F83*$AE$7 -> 0 | Z83: =G83*$AF$7 -> 0 | AA83: =H83*$AG$7 -> 0 | AB83: =I83*$AH$7 -> 0 | AC83: =SUM(X83:AB83) -> 0 | AI83: =SUM(AD83:AH83) -> 0
B84: 11090 | C84: SS201; Sheet; With PVC Coating; 0.5mm thk x 1219.2mm W × 2675mm L; Hairline | D84: ='Monthly Material Planning'!$D$14 -> 12.7 | E84: ='Cumulative Material Use'!$E$9 -> 0.0356 | F84: ='Cumulative Material Use'!$E$14 -> 0.07214 | G84: ='Cumulative Material Use'!$E$23 -> 0.01154 | H84: ='Cumulative Material Use'!$E$40 -> 0.01154 | I84: ='Cumulative Material Use'!$E$30 -> 0.40645 | K84: =E84*$K$7 -> 0 | L84: =F84*$L$7 -> 0 | M84: =G84*$M$7 -> 0 | N84: =H84*$N$7 -> 0 | O84: =I84*$O$7 -> 0 | P84: =SUM(K84:O84) -> 0 | R84: =P84-Q84 -> 0 | S84: =R84/D84 -> 0 | X84: =E84*$AD$7 -> 0 | Y84: =F84*$AE$7 -> 0 | Z84: =G84*$AF$7 -> 0 | AA84: =H84*$AG$7 -> 0 | AB84: =I84*$AH$7 -> 0 | AC84: =SUM(X84:AB84) -> 0 | AI84: =SUM(AD84:AH84) -> 0
B85: 10073 | C85: Carbon Steel Tubing; 10mm OD x 1mm wall x 3m L | D85: ='Monthly Material Planning'!$D$15 -> 0 | E85: ='Cumulative Material Use'!$E$10 -> 0.11 | H85: ='Cumulative Material Use'!$E$41 -> 0.11 | K85: =E85*$K$7 -> 0 | L85: =F85*$L$7 -> 0 | M85: =G85*$M$7 -> 0 | N85: =H85*$N$7 -> 0 | O85: =I85*$O$7 -> 0 | P85: =SUM(K85:O85) -> 0 | R85: =P85-Q85 -> 0 | S85: =R85/D85 -> #DIV/0! | X85: =E85*$AD$7 -> 0 | Y85: =F85*$AE$7 -> 0 | Z85: =G85*$AF$7 -> 0 | AA85: =H85*$AG$7 -> 0 | AB85: =I85*$AH$7 -> 0 | AC85: =SUM(X85:AB85) -> 0 | AI85: =SUM(AD85:AH85) -> 0
B86: 10970 | C86: AZ150 0.6mm Galvalume Coated Steel Sheet; 1219mm w x 2500mm L (DX53D) | D86: ='Monthly Material Planning'!$D$16 -> 13.6 | F86: ='Cumulative Material Use'!$E$12 -> 0.4103 | K86: =E86*$K$7 -> 0 | L86: =F86*$L$7 -> 0 | M86: =G86*$M$7 -> 0 | N86: =H86*$N$7 -> 0 | O86: =I86*$O$7 -> 0 | P86: =SUM(K86:O86) -> 0 | R86: =P86-Q86 -> 0 | S86: =R86/D86 -> 0 | X86: =E86*$AD$7 -> 0 | Y86: =F86*$AE$7 -> 0 | Z86: =G86*$AF$7 -> 0 | AA86: =H86*$AG$7 -> 0 | AB86: =I86*$AH$7 -> 0 | AC86: =SUM(X86:AB86) -> 0 | AI86: =SUM(AD86:AH86) -> 0
B87: 11213B | C87: SS201; Sheet; With PVC Coating; 0.4mm thk x 1219mm W × 2438mm L; Hairline | D87: ='Monthly Material Planning'!$D$17 -> 10 | F87: ='Cumulative Material Use'!$E$17 -> 0.55556 | K87: =E87*$K$7 -> 0 | L87: =F87*$L$7 -> 0 | M87: =G87*$M$7 -> 0 | N87: =H87*$N$7 -> 0 | O87: =I87*$O$7 -> 0 | P87: =SUM(K87:O87) -> 0 | R87: =P87-Q87 -> 0 | S87: =R87/D87 -> 0 | X87: =E87*$AD$7 -> 0 | Y87: =F87*$AE$7 -> 0 | Z87: =G87*$AF$7 -> 0 | AA87: =H87*$AG$7 -> 0 | AB87: =I87*$AH$7 -> 0 | AC87: =SUM(X87:AB87) -> 0 | AI87: =SUM(AD87:AH87) -> 0
B88: 11442 | C88: SS201; Sheet; Without PVC Coating; 0.8mm thk x 1219mm W × 2438mm L; BA Finish | D88: ='Monthly Material Planning'!$D$18 -> 17.7 | F88: ='Cumulative Material Use'!$E$18 -> 0.07434 | G88: ='Cumulative Material Use'!$E$21 -> 0.07434 | K88: =E88*$K$7 -> 0 | L88: =F88*$L$7 -> 0 | M88: =G88*$M$7 -> 0 | N88: =H88*$N$7 -> 0 | O88: =I88*$O$7 -> 0 | P88: =SUM(K88:O88) -> 0 | R88: =P88-Q88 -> 0 | S88: =R88/D88 -> 0 | X88: =E88*$AD$7 -> 0 | Y88: =F88*$AE$7 -> 0 | Z88: =G88*$AF$7 -> 0 | AA88: =H88*$AG$7 -> 0 | AB88: =I88*$AH$7 -> 0 | AC88: =SUM(X88:AB88) -> 0 | AI88: =SUM(AD88:AH88) -> 0
B89: 11515 | C89: SS201; Sheet; With PVC Coating; 0.4mm thk x 1219mm × 2190mm L; Hairline | D89: ='Monthly Material Planning'!$D$19 -> 9.16 | G89: ='Cumulative Material Use'!$E$19 -> 0.71703 | K89: =E89*$K$7 -> 0 | L89: =F89*$L$7 -> 0 | M89: =G89*$M$7 -> 0 | N89: =H89*$N$7 -> 0 | O89: =I89*$O$7 -> 0 | P89: =SUM(K89:O89) -> 0 | R89: =P89-Q89 -> 0 | S89: =R89/D89 -> 0 | X89: =E89*$AD$7 -> 0 | Y89: =F89*$AE$7 -> 0 | Z89: =G89*$AF$7 -> 0 | AA89: =H89*$AG$7 -> 0 | AB89: =I89*$AH$7 -> 0 | AC89: =SUM(X89:AB89) -> 0 | AI89: =SUM(AD89:AH89) -> 0
B90: 10296A | C90: AZ100 0.2 Galvalume Sheet; 975mm W x 2438mm L | D90: ='Monthly Material Planning'!$D$20 -> 3.55 | G90: ='Cumulative Material Use'!$E$22 -> 0.1961 | K90: =E90*$K$7 -> 0 | L90: =F90*$L$7 -> 0 | M90: =G90*$M$7 -> 0 | N90: =H90*$N$7 -> 0 | O90: =I90*$O$7 -> 0 | P90: =SUM(K90:O90) -> 0 | R90: =P90-Q90 -> 0 | S90: =R90/D90 -> 0 | X90: =E90*$AD$7 -> 0 | Y90: =F90*$AE$7 -> 0 | Z90: =G90*$AF$7 -> 0 | AA90: =H90*$AG$7 -> 0 | AB90: =I90*$AH$7 -> 0 | AC90: =SUM(X90:AB90) -> 0 | AI90: =SUM(AD90:AH90) -> 0
B91: 11040B | C91: SS304; Sheet; 1.2mm thk × 1219.2mm W × 2620mm L | D91: ='Monthly Material Planning'!$D$21 -> 29.8 | G91: ='Cumulative Material Use'!$E$25 -> 0.4495 | I91: ='Cumulative Material Use'!$E$32 -> 0.0266 | K91: =E91*$K$7 -> 0 | L91: =F91*$L$7 -> 0 | M91: =G91*$M$7 -> 0 | N91: =H91*$N$7 -> 0 | O91: =I91*$O$7 -> 0 | P91: =SUM(K91:O91) -> 0 | R91: =P91-Q91 -> 0 | S91: =R91/D91 -> 0 | X91: =E91*$AD$7 -> 0 | Y91: =F91*$AE$7 -> 0 | Z91: =G91*$AF$7 -> 0 | AA91: =H91*$AG$7 -> 0 | AB91: =I91*$AH$7 -> 0 | AC91: =SUM(X91:AB91) -> 0 | AI91: =SUM(AD91:AH91) -> 0
B92: 11226 | C92: SS439; Sheet; 1.2mm thk × 1219mm W × 2438mm L | D92: ='Monthly Material Planning'!$D$22 -> 27.3 | G92: ='Cumulative Material Use'!$E$27 -> 0.47901 | K92: =E92*$K$7 -> 0 | L92: =F92*$L$7 -> 0 | M92: =G92*$M$7 -> 0 | N92: =H92*$N$7 -> 0 | O92: =I92*$O$7 -> 0 | P92: =SUM(K92:O92) -> 0 | R92: =P92-Q92 -> 0 | S92: =R92/D92 -> 0 | X92: =E92*$AD$7 -> 0 | Y92: =F92*$AE$7 -> 0 | Z92: =G92*$AF$7 -> 0 | AA92: =H92*$AG$7 -> 0 | AB92: =I92*$AH$7 -> 0 | AC92: =SUM(X92:AB92) -> 0 | AI92: =SUM(AD92:AH92) -> 0
B93: 10074 | C93: SS304; Sheet; 0.8mm x 1219mm W × 2438mm L | D93: ='Monthly Material Planning'!$D$23 -> 19 | H93: ='Cumulative Material Use'!$E$37 -> 0.00792 | N93: =H93*$N$7 -> 0 | S93: =R93/D93 -> 0 | AA93: =H93*$AG$7 -> 0
B94: 11291 | C94: SS201; Wire; 4mm dia x 2400mm L | D94: ='Monthly Material Planning'!$D$24 -> 0.2379 | G94: ='Cumulative Material Use'!$E$28 -> 0.0804 | K94: =E94*$K$7 -> 0 | L94: =F94*$L$7 -> 0 | M94: =G94*$M$7 -> 0 | N94: =H94*$N$7 -> 0 | O94: =I94*$O$7 -> 0 | P94: =SUM(K94:O94) -> 0 | R94: =P94-Q94 -> 0 | S94: =R94/D94 -> 0 | X94: =E94*$AD$7 -> 0 | Y94: =F94*$AE$7 -> 0 | Z94: =G94*$AF$7 -> 0 | AA94: =H94*$AG$7 -> 0 | AB94: =I94*$AH$7 -> 0 | AC94: =SUM(X94:AB94) -> 0 | AI94: =SUM(AD94:AH94) -> 0
B95: 11290 | C95: SS201; Wire; 3mm dia x 2400mm L | D95: ='Monthly Material Planning'!$D$25 -> 0.1308 | G95: ='Cumulative Material Use'!$E$29 -> 0.0555 | K95: =E95*$K$7 -> 0 | L95: =F95*$L$7 -> 0 | M95: =G95*$M$7 -> 0 | N95: =H95*$N$7 -> 0 | O95: =I95*$O$7 -> 0 | P95: =SUM(K95:O95) -> 0 | R95: =P95-Q95 -> 0 | S95: =R95/D95 -> 0 | X95: =E95*$AD$7 -> 0 | Y95: =F95*$AE$7 -> 0 | Z95: =G95*$AF$7 -> 0 | AA95: =H95*$AG$7 -> 0 | AB95: =I95*$AH$7 -> 0 | AC95: =SUM(X95:AB95) -> 0 | AI95: =SUM(AD95:AH95) -> 0

Sheet Week 2
C3: RAW MATERIAL REQUISITION & RECEIPT FORM
C4: FACILITY: | D4: _____________________________
C5: DATE: | D5: _____________________________ | I5: Production Supervisor: | J5: _____________________________ | Q5: Production Supervisor: | R5: _____________________________
C6: WEEK NO.: | D6: _____________________________ | I6: Key Operator: | J6: _____________________________ | Q6: Key Operator: | R6: _____________________________
C8: Part No. | D8: Material Descritpion | E8: Weekly Quantity Requested (Kgs) | F8: Quantity Received
F9: Monday | H9: Tuesday | J9: Wednesday | L9: Thursday | N9: Friday | P9: Saturday | R9: Sunday | T9: Weekly Total Received (Kgs) | U9: Comments
F10: Qty Requested | G10: Qty Received | H10: Qty Requested | I10: Qty Received | J10: Qty Requested | K10: Qty Received | L10: Qty Requested | M10: Qty Received | N10: Qty Requested | O10: Qty Received | P10: Qty Requested | Q10: Qty Received | R10: Qty Requested | S10: Qty Received
C11: 11279 | D11: AZ150 0.6mm Galvalume Coated Carbon Steel; Sheet; 1219mm W × 2300mm L
C12: 10072B | D12: AZ100 0.7 Galvalume Sheet; 1219mm W x 2438mm L
C13: 10154 | D13: SS439; Sheet; With PVC Coating; 0.6mm thk x 1219mm W × 2438mm L
C14: 10155 | D14: SS439; Sheet; With PVC Coating; 0.8mm thk × 1219mm W x 2438mm L
C15: 11332 | D15: SS321; Sheet; 1.5mm thk × 1000mm W x 2660mm L
C16: 10070B | D16: 1008 0.6 CRCA Carbon Steel; Sheet; 1219mm W × 2675mm L
C17: 11090 | D17: SS201; Sheet; With PVC Coating; 0.5mm thk x 1219.2mm W × 2675mm L; Hairline
C18: 10073 | D18: Carbon Steel Tubing; 10mm OD x 1mm wall x 3m L
C19: 10970 | D19: AZ150 0.6mm Galvalume Coated Steel Sheet; 1219mm w x 2500mm L (DX53D)
C20: 11213B | D20: SS201; Sheet; With PVC Coating; 0.4mm thk x 1219mm W × 2438mm L; Hairline
C21: 11442 | D21: SS201; Sheet; Without PVC Coating; 0.8mm thk x 1219mm W × 2438mm L; BA Finish
C22: 11515 | D22: SS201; Sheet; With PVC Coating; 0.4mm thk x 1219mm × 2190mm L; Hairline
C23: 10296A | D23: AZ100 0.2 Galvalume Sheet; 975mm W x 2438mm L
C24: 11040B | D24: SS304; Sheet; 1.2mm thk × 1219.2mm W × 2620mm L
C25: 11226 | D25: SS439; Sheet; 1.2mm thk × 1219mm W × 2438mm L
C26: 10074 | D26: SS304; Sheet; 0.8mm x 1219mm W × 2438mm L
C27: 11291 | D27: SS201; Wire; 4mm dia x 2400mm L
C28: 11290 | D28: SS201; Wire; 3mm dia x 2400mm L
C29: Production Supervisor Sign Off:
C30: Warehouse Supervisor Sign Off:
D32: Remarks:
C33: MON: | D33: _________________________________________________________________________________________________________________________________________________________________________________________________________________________________________________________________________________________________________________________
C34: TUE: | D34: _________________________________________________________________________________________________________________________________________________________________________________________________________________________________________________________________________________________________________________________
C35: WED: | D35: _________________________________________________________________________________________________________________________________________________________________________________________________________________________________________________________________________________________________________________________
C36: THUR: | D36: _________________________________________________________________________________________________________________________________________________________________________________________________________________________________________________________________________________________________________________________
C37: FRI: | D37: _________________________________________________________________________________________________________________________________________________________________________________________________________________________________________________________________________________________________________________________
C38: SAT: | D38: _________________________________________________________________________________________________________________________________________________________________________________________________________________________________________________________________________________________________________________________
C39: SUN: | D39: _________________________________________________________________________________________________________________________________________________________________________________________________________________________________________________________________________________________________________________________
D41: Production Representative: | E41: ____________________________________________________ | L41: Date: | M41: ______________________________ | S41: Sign: | T41: ______________________________
D42: Warehouse Representative: | E42: ____________________________________________________ | L42: Date: | M42: ______________________________ | S42: Sign: | T42: ______________________________
D43: Production Manager: | E43: ____________________________________________________ | L43: Date: | M43: ______________________________ | S43: Sign: | T43: ______________________________

Sheet Cumulative Material Use
B2: Product | C2: Raw Material Description | D2: Material Part # | E2: Utilization/ Stove (NAV) | F2: Utilization/ Stove (Calculated) | G2: Variance [NAV vs Calc] | H2: Theoretical Scrap %
B3: KCB2 | C3: AZ150 0.6mm Galvalume Coated Carbon Steel; Sheet; 1219mm W × 2300mm L | D3: 11279 | E3: =(Table1[[#This Row],[Utilization/ pc in NAV (Kg)]]*Table1[[#This Row],[Qnty/ Stove]])+('Master Data'!E4*'Master Data'!F4)+('Master Data'!E5*'Master Data'!F5)+('Master Data'!E15*'Master Data'!F15) -> 0.9643 | F3: =(Table1[[#This Row],[Qnty/ Stove]]*Table1[[#This Row],[Calculated Utilization (Kg)]])+('Master Data'!F4*'Master Data'!M4)+('Master Data'!F5*'Master Data'!M5)+('Master Data'!F15*'Master Data'!M15) -> 0.9349298 | G3: =F3-E3 -> -0.029370203
C4: AZ100 0.7 Galvalume Sheet; 1219mm W x 2438mm L | D4: 10072B | E4: =('Master Data'!E6*'Master Data'!F6)+('Master Data'!E16*'Master Data'!F16) -> 0.2646 | F4: =('Master Data'!F6*'Master Data'!M6)+('Master Data'!F16*'Master Data'!M16) -> 0.27996032 | G4: =F4-E4 -> 0.015360317
C5: SS439; Sheet; With PVC Coating; 0.6mm thk x 1219mm W × 2438mm L | D5: 10154 | E5: ='Master Data'!E7*'Master Data'!F7 -> 0.054 | F5: =('Master Data'!F7*'Master Data'!M7) -> 0.060267857 | G5: =F5-E5 -> 0.0062678571
C6: SS439; Sheet; With PVC Coating; 0.8mm thk × 1219mm W x 2438mm L | D6: 10155 | E6: =('Master Data'!E8*'Master Data'!F8)+('Master Data'!E9*'Master Data'!F9)+('Master Data'!E10*'Master Data'!F10)+('Master Data'!E12*'Master Data'!F12)+('Master Data'!E13*'Master Data'!F13)+('Master Data'!E14*'Master Data'!F14) -> 0.66821 | F6: =('Master Data'!F8*'Master Data'!M8)+('Master Data'!F9*'Master Data'!M9)+('Master Data'!F10*'Master Data'!M10)+('Master Data'!F12*'Master Data'!M12)+('Master Data'!F13*'Master Data'!M13)+('Master Data'!F14*'Master Data'!M14) -> 0.71627091 | G6: =F6-E6 -> 0.04806091
C7: SS321; Sheet; 1.5mm thk × 1000mm W x 2660mm L | D7: 11332 | E7: ='Master Data'!E11*'Master Data'!F11 -> 0.5167 | F7: ='Master Data'!F11*'Master Data'!M11 -> 0.52833333 | G7: =F7-E7 -> 0.011633333
C8: 1008 0.6 CRCA Carbon Steel; Sheet; 1219mm W × 2675mm L | D8: 10070B | E8: ='Master Data'!E18*'Master Data'!F18 -> 1.08 | F8: ='Master Data'!F18*'Master Data'!M18 -> 1.1142857 | G8: =F8-E8 -> 0.034285714
C9: SS201; Sheet; With PVC Coating; 0.5mm thk x 1219.2mm W × 2675mm L; Hairline | D9: 11090 | E9: ='Master Data'!E19*'Master Data'!F19 -> 0.0356 | F9: =('Master Data'!F19*'Master Data'!M19)+('Master Data'!F20*'Master Data'!M20) -> 0.04825524 | G9: =F9-E9 -> 0.01265524
C10: Carbon Steel Tubing; 10mm OD x 1mm wall x 3m L | D10: 10073 | E10: ='Master Data'!E17*'Master Data'!F17 -> 0.11
B11: KCA5 | C11: AZ150 0.6mm Galvalume Coated Carbon Steel; Sheet; 1219mm W × 2300mm L | D11: 11279 | E11: =('Master Data'!E21*'Master Data'!F21)+('Master Data'!E23*'Master Data'!F23) -> 0.2414 | F11: =('Master Data'!F21*'Master Data'!M21)+('Master Data'!F23*'Master Data'!M23) -> 0.2359596 | G11: =F11-E11 -> -0.005440404
C12: AZ150 0.6mm Galvalume Coated Steel Sheet; 1219mm w x 2500mm L (DX53D) | D12: 10970 | E12: =('Master Data'!E22*'Master Data'!F22)+('Master Data'!E33*'Master Data'!F33)+('Master Data'!E34*'Master Data'!F34) -> 0.4103 | F12: =('Master Data'!F22*'Master Data'!M22)+('Master Data'!F33*'Master Data'!M33)+('Master Data'!F34*'Master Data'!M34) -> 0.38857143 | G12: =F12-E12 -> -0.021728571
C13: SS439; Sheet; With PVC Coating; 0.6mm thk x 1219mm W × 2438mm L | D13: 10154 | E13: ='Master Data'!E24*'Master Data'!F24 -> 0.1646 | F13: ='Master Data'!F24*'Master Data'!M24 -> 0.16875 | G13: =F13-E13 -> 0.00415
C14: SS201; Sheet; With PVC Coating; 0.5mm thk x 1219.2mm W × 2675mm L; Hairline | D14: 11090 | E14: =('Master Data'!E25*'Master Data'!F25)+('Master Data'!E26*'Master Data'!F26)+('Master Data'!E37*'Master Data'!F37) -> 0.07214 | F14: =('Master Data'!F25*'Master Data'!M25)+('Master Data'!F26*'Master Data'!M26)+('Master Data'!F37*'Master Data'!M37) -> 0.064598219 | G14: =F14-E14 -> -0.0075417806
C15: SS439; Sheet; With PVC Coating; 0.8mm thk × 1219mm | D15: 10155 | E15: =('Master Data'!E27*'Master Data'!F27)+('Master Data'!E29*'Master Data'!F29)+('Master Data'!E30*'Master Data'!F30)+('Master Data'!E31*'Master Data'!F31)+('Master Data'!E32*'Master Data'!F32) -> 0.50701 | F15: =('Master Data'!F27*'Master Data'!M27)+('Master Data'!F29*'Master Data'!M29)+('Master Data'!F30*'Master Data'!M30)+('Master Data'!F31*'Master Data'!M30)+('Master Data'!F31*'Master Data'!M31)+('Master Data'!F32*'Master Data'!M32) -> 0.54200239 | G15: =F15-E15 -> 0.034992388
C16: SS321; Sheet; 1.5mm thk × 1000mm W x 2660mm L | D16: 11332 | E16: ='Master Data'!E28*'Master Data'!F28 -> 0.5267 | F16: ='Master Data'!F28*'Master Data'!M28 -> 0.52833333 | G16: =F16-E16 -> 0.0016333333
C17: SS201; Sheet; With PVC Coating; 0.4mm thk x 1219mm W × 2438mm L; Hairline | D17: 11213B | E17: ='Master Data'!E35*'Master Data'!F35 -> 0.55556 | F17: ='Master Data'!F35*'Master Data'!M35 -> 0.55555556 | G17: =F17-E17 -> -4.4444444e-06
C18: SS201; Sheet; Without PVC Coating; 0.8mm thk x 1219mm W × 2438mm L; BA Finish | D18: 11442 | E18: ='Master Data'!E36*'Master Data'!F36 -> 0.07434 | F18: ='Master Data'!F36*'Master Data'!M36 -> 0.075641026 | G18: =F18-E18 -> 0.0013010256
B19: KWB3.1 | C19: SS201; Sheet; With PVC Coating; 0.4mm thk x 1219mm × 2190mm L; Hairline | D19: 11515 | E19: =('Master Data'!E38*'Master Data'!F38)+('Master Data'!E46*'Master Data'!F46) -> 0.71703
C20: SS439; Sheet; With PVC Coating; 0.6mm thk x 1219mm W × 2438mm L | D20: 10154 | E20: =('Master Data'!E39*'Master Data'!F39)+('Master Data'!E47*'Master Data'!F47)+('Master Data'!E51*'Master Data'!F51)+('Master Data'!E52*'Master Data'!F52)+('Master Data'!E54*'Master Data'!F54)+('Master Data'!E55*'Master Data'!F55)+('Master Data'!E56*'Master Data'!F56) -> 0.68471 | F20: =('Master Data'!F39*'Master Data'!M39)+('Master Data'!F47*'Master Data'!M47)+('Master Data'!F51*'Master Data'!M51)+('Master Data'!F52*'Master Data'!M52)+('Master Data'!F54*'Master Data'!M54)+('Master Data'!F55*'Master Data'!M55)+('Master Data'!F56*'Master Data'!M56) -> 0.67259477 | G20: =F20-E20 -> -0.012115228
C21: SS201; Sheet; Without PVC Coating; 0.8mm thk x 1219mm W × 2438mm L; BA Finish | D21: 11442 | E21: ='Master Data'!E40*'Master Data'!F40 -> 0.07434 | F21: ='Master Data'!F40*'Master Data'!M40 -> 0.075641026 | G21: =F21-E21 -> 0.0013010256
C22: AZ100 0.2 Galvalume Sheet; 975mm W x 2438mm L | D22: 10296A | E22: ='Master Data'!E41*'Master Data'!F41 -> 0.1961 | F22: ='Master Data'!F41*'Master Data'!M41 -> 0.19722222 | G22: =F22-E22 -> 0.0011222222
C23: SS201; Sheet; With PVC Coating; 0.5mm thk x 1219.2mm W × 2675mm L; Hairline | D23: 11090 | E23: ='Master Data'!E42*'Master Data'!F42 -> 0.01154 | F23: ='Master Data'!F42*'Master Data'!M42 -> 0.011229001 | G23: =F23-E23 -> -0.00031099912
C24: AZ150 0.6mm Galvalume Coated Carbon Steel; Sheet; 1219mm W × 2300mm L | D24: 11279 | E24: =('Master Data'!E43*'Master Data'!F43)+('Master Data'!E44*'Master Data'!F44)+('Master Data'!E45*'Master Data'!F45) -> 0.5068
C25: SS304; Sheet; 1.2mm thk × 1219.2mm W × 2620mm L | D25: 11040B | E25: ='Master Data'!E48*'Master Data'!F48 -> 0.4495 | F25: ='Master Data'!F48*'Master Data'!M48 -> 0.45151515 | G25: =F25-E25 -> 0.0020151515
C26: SS439; Sheet; With PVC Coating; 0.8mm thk × 1219mmW x 2438mm L | D26: 10155 | E26: ='Master Data'!E49*'Master Data'!F49 -> 0.0789 | F26: ='Master Data'!F49*'Master Data'!M49 -> 0.078695652 | G26: =F26-E26 -> -0.00020434783
C27: SS439; Sheet; 1.2mm thk × 1219mm W × 2438mm L | D27: 11226 | E27: =('Master Data'!E50*'Master Data'!F50)+('Master Data'!E53*'Master Data'!F53) -> 0.47901 | F27: =('Master Data'!F50*'Master Data'!M50)+('Master Data'!F53*'Master Data'!M53) -> 0.48479167 | G27: =F27-E27 -> 0.0057816667
C28: SS201; Wire; 4mm dia x 2400mm L | D28: 11291 | E28: ='Master Data'!E57*'Master Data'!F57 -> 0.0804
C29: SS201; Wire; 3mm dia x 2400mm L | D29: 11290 | E29: ='Master Data'!E58*'Master Data'!F58 -> 0.0555
B30: KAB3 | C30: SS201; Sheet; With PVC Coating; 0.5mm thk x 1219.2mm W × 2675mm L; Hairline | D30: 11090 | E30: ='Master Data'!E59*'Master Data'!F59 -> 0.40645 | F30: ='Master Data'!F59*'Master Data'!M59 -> 0.40967742 | G30: =F30-E30 -> 0.0032274194
C31: SS439; Sheet; With PVC Coating; 0.6mm thk x 1219mm W × 2438mm L | D31: 10154 | E31: ='Master Data'!E60*'Master Data'!F60 -> 0.0576 | F31: ='Master Data'!F60*'Master Data'!M60 -> 0.054788961 | G31: =F31-E31 -> -0.002811039
C32: SS304; Sheet; 1.2mm thk × 1219.2mm W × 2620mm L | D32: 11040B | E32: =('Master Data'!E61*'Master Data'!F61)+('Master Data'!E62*'Master Data'!F62)+('Master Data'!E64*'Master Data'!F64) -> 0.0266 | F32: =('Master Data'!F61*'Master Data'!M61)+('Master Data'!F62*'Master Data'!M62)+('Master Data'!F64*'Master Data'!M64) -> 0.025120812 | G32: =F32-E32 -> -0.0014791879
C33: SS439; Sheet; 1.2mm thk × 1219mm W × 2438mm L | D33: 11226 | E33: ='Master Data'!E63*'Master Data'!F63 -> 0 | F33: ='Master Data'!F63*'Master Data'!M63 -> 0 | G33: =F33-E33 -> 0
B34: KCA3.5 SOM | C34: AZ150 0.6mm Galvalume Coated Carbon Steel; Sheet; 1219mm W × 2300mm L | D34: 11279 | E34: =('Master Data'!F65*'Master Data'!L65)+('Master Data'!F66*'Master Data'!L66)+('Master Data'!F67*'Master Data'!L67)+('Master Data'!F68*'Master Data'!L68)+('Master Data'!F69*'Master Data'!L69)+('Master Data'!F76*'Master Data'!L76)+('Master Data'!F84*'Master Data'!L84) -> 0.969
C35: SS439; Sheet; With PVC Coating; 0.6mm thk x 1219mm W × 2438mm L | D35: 10154 | E35: =('Master Data'!F70*'Master Data'!L70)+('Master Data'!F74*'Master Data'!L74)+('Master Data'!F81*'Master Data'!L81) -> 0.1899
C36: SS439; Sheet; With PVC Coating; 0.8mm thk × 1219mmW x 2438mm L | D36: 10155 | E36: =('Master Data'!F71*'Master Data'!L71)+('Master Data'!F72*'Master Data'!L72)+('Master Data'!F73*'Master Data'!L73) -> 0.4622
C37: SS304; Sheet; 0.8mm x 1219mm W × 2438mm L | D37: 10074 | E37: ='Master Data'!F75*'Master Data'!L75 -> 0.00792
C38: AZ100 0.7 Galvalume Sheet; 1219mm W x 2438mm L | D38: 10072B | E38: ='Master Data'!F77*'Master Data'!L77 -> 0.0636
C39: 1009 0.6 CRCA Carbon Steel; Sheet; 1219mm W × 2675mm L | D39: 10070B | E39: =('Master Data'!F78*'Master Data'!L78)+('Master Data'!F79*'Master Data'!L79)+('Master Data'!F80*'Master Data'!L80) -> 0.8213
C40: SS201; Sheet; With PVC Coating; 0.5mm thk x 1219.2mm W × 2675mm L; Hairline | D40: 11090 | E40: ='Master Data'!F82*'Master Data'!L82 -> 0.01154
C41: Carbon Steel Tubing; 10mm OD x 1mm wall x 3m L | D41: 10073 | E41: ='Master Data'!F83*'Master Data'!L83 -> 0.11
C42: SS321; Sheet; 1.5mm thk × 1000mm W x 2660mm L | D42: 11332 | E42: ='Master Data'!F85*'Master Data'!L85 -> 0.5852

Sheet Master Data
B2: Component/Part | C2: Material Description | D2: Material Number | E2: Utilization/ pc in NAV (Kg) | F2: Qnty/ Stove | G2: Shear Plan Available? | H2: Nesting Plan Available? | I2: Material match - BOM vs Shear/ Nest Plan | J2: Sheet Weight (Kg) | K2: Parts/ Sheet | L2: Current BOM Utilization (Kg) | M2: Calculated Utilization (Kg) | N2: Variance (Kg) | O2: Sheet Wt Used in BOM Calc (Kg) | P2: Actual Part Wt (Kg) | Q2: Expected Scrap per Part (Kg) | R2: Expected Scrap per Stove (Kg)2 | S2: % Factored Scrap | T2: Av % scrap/ Product | U2: Remarks | V2: Column1
B3: Bridge; Flat With Holes; KCA4 | C3: AZ150 0.6mm Galvalume Coated Carbon Steel; Sheet; 1219mm W × 2300mm L | D3: 11279 | E3: 0.2045 | F3: 1 | G3: Y | I3: N - 2438L vs 2300L in BOM, no effect on # of parts | J3: 12.8 | K3: 56 | L3: 0.2045 | M3: =(J3-(M5*6))/K3 -> 0.2031746 | N3: =IFERROR(M3-L3, "") -> -0.0013253968 | P3: 0.1543 | Q3: =Table1[[#This Row],[Current BOM Utilization (Kg)]]-P3 -> 0.0502 | S3: =IFERROR((Table1[[#This Row],[Calculated Utilization (Kg)]]-Table1[[#This Row],[Actual Part Wt (Kg)]])/Table1[[#This Row],[Calculated Utilization (Kg)]], "") -> 0.24055469 | U3: Shear plan needs revision, offcut from 2438L can make 3 Bottoms, 2300L can't but can do KCA4 False Bottom | V3: Needs an official shear Plan
B4: Bridge Hat; Flat Laser-cut; KCB2 | C4: AZ150 0.6mm Galvalume Coated Carbon Steel; Sheet; 1219mm W × 2300mm L | D4: 11279 | E4: 0.0527 | F4: 1 | H4: Y | I4: Y | J4: 12.8 | K4: 264 | L4: 0.0527 | M4: =J4/K4 -> 0.048484848 | N4: =IFERROR(M4-L4, "") -> -0.0042151515 | P4: 0.0319 | Q4: =Table1[[#This Row],[Current BOM Utilization (Kg)]]-P4 -> 0.0208 | S4: =IFERROR((Table1[[#This Row],[Calculated Utilization (Kg)]]-Table1[[#This Row],[Actual Part Wt (Kg)]])/Table1[[#This Row],[Calculated Utilization (Kg)]], "") -> 0.3420625
B5: False Bottom; Fully formed; KCA4 | C5: AZ150 0.6mm Galvalume Coated Carbon Steel; Sheet; 1219mm W × 2300mm L | D5: 11279 | E5: 0.225 | F5: 1 | G5: Y | I5: N - 2438L vs 2300L in BOM, no effect on # of parts | J5: 12.8 | K5: 54 | L5: 0.225 | M5: =J5/K5 -> 0.23703704 | N5: =IFERROR(M5-L5, "") -> 0.012037037 | P5: 0.148 | Q5: =Table1[[#This Row],[Current BOM Utilization (Kg)]]-P5 -> 0.077 | S5: =IFERROR((Table1[[#This Row],[Calculated Utilization (Kg)]]-Table1[[#This Row],[Actual Part Wt (Kg)]])/Table1[[#This Row],[Calculated Utilization (Kg)]], "") -> 0.375625 | V5: Needs an official shear Plan
B6: Ash Tray; Formed; KCA4 | C6: AZ100 0.7 Galvalume Sheet; 1219mm W x 2438mm L | D6: 10072B | E6: 0.201 | F6: 1 | H6: Y | I6: Y | J6: 17 | K6: 80 | L6: 0.201 | M6: =J6/K6 -> 0.2125 | N6: =IFERROR(M6-L6, "") -> 0.0115 | P6: 0.1795 | Q6: =Table1[[#This Row],[Current BOM Utilization (Kg)]]-P6 -> 0.0215 | S6: =IFERROR((Table1[[#This Row],[Calculated Utilization (Kg)]]-Table1[[#This Row],[Actual Part Wt (Kg)]])/Table1[[#This Row],[Calculated Utilization (Kg)]], "") -> 0.15529412
B7: Door; Formed With Emboss; KCA4 | C7: SS439; Sheet; With PVC Coating; 0.6mm thk x 1219mm W × 2438mm L | D7: 10154 | E7: 0.054 | F7: 1 | G7: N | J7: 13.5 | K7: 224 | L7: 0.054 | M7: =J7/K7 -> 0.060267857 | N7: =IFERROR(M7-L7, "") -> 0.0062678571 | O7: 13.5 | P7: 0.0468 | Q7: =Table1[[#This Row],[Current BOM Utilization (Kg)]]-P7 -> 0.0072 | S7: =IFERROR((Table1[[#This Row],[Calculated Utilization (Kg)]]-Table1[[#This Row],[Actual Part Wt (Kg)]])/Table1[[#This Row],[Calculated Utilization (Kg)]], "") -> 0.22346667 | U7: Needs a new shear plan | V7: Needs an official shear Plan
B8: Ash Tray Handle Strip; Flat; KCA2 | C8: SS439; Sheet; With PVC Coating; 0.8mm thk × 1219mm W x 2438mm L | D8: 10155 | E8: 0.0117 | F8: 1 | G8: Y | I8: Y | J8: 18.1 | K8: 1701 | L8: 0.0117 | M8: =J8/K8 -> 0.0106408 | N8: =IFERROR(M8-L8, "") -> -0.0010592005 | P8: 0.015 | Q8: =Table1[[#This Row],[Current BOM Utilization (Kg)]]-P8 -> -0.0033 | S8: =IFERROR((Table1[[#This Row],[Calculated Utilization (Kg)]]-Table1[[#This Row],[Actual Part Wt (Kg)]])/Table1[[#This Row],[Calculated Utilization (Kg)]], "") -> -0.40966851 | U8: Confirm the # in the shear plan is attainable, if not update number specified on the shear plan
B9: Cone Deck; Formed; KCB2 | C9: SS439; Sheet; With PVC Coating; 0.8mm thk × 1219mmW x 2438mm L | D9: 10155 | E9: 0.3872 | F9: 1 | H9: Y | I9: Y | J9: 18.1 | K9: 27 | L9: 0.3872 | M9: =(J9-((M10*135)+(M12*27)))/K9 -> 0.38507966 | N9: =IFERROR(M9-L9, "") -> -0.0021203433 | P9: 0.2905 | Q9: =Table1[[#This Row],[Current BOM Utilization (Kg)]]-P9 -> 0.0967 | S9: =IFERROR((Table1[[#This Row],[Calculated Utilization (Kg)]]-Table1[[#This Row],[Actual Part Wt (Kg)]])/Table1[[#This Row],[Calculated Utilization (Kg)]], "") -> 0.24561063 | U9: Request for a full nest of Heat Shields & Pot Supports & determine how many we'd get, subtract to determine CD usage | V9: Done
B10: Pot Support; KCB2 | C10: SS439; Sheet; With PVC Coating; 0.8mm thk × 1219mmW x 2438mm L | D10: 10155 | E10: 0.01736 | F10: 5 | H10: Y | I10: Y | J10: 18.1 | K10: 955 | L10: 0.01736 | M10: =J10/K10 -> 0.01895288 | N10: =IFERROR(M10-L10, "") -> 0.0015928796 | P10: 0.015 | Q10: =Table1[[#This Row],[Current BOM Utilization (Kg)]]-P10 -> 0.00236 | S10: =IFERROR((Table1[[#This Row],[Calculated Utilization (Kg)]]-Table1[[#This Row],[Actual Part Wt (Kg)]])/Table1[[#This Row],[Calculated Utilization (Kg)]], "") -> 0.20856354 | U10: Get a full PS nest | V10: Done
B11: Combustion Chamber; Formed ; KCB2 | C11: SS321; Sheet; 1.5mm thk × 1000mm W x 2660mm L | D11: 11332 | E11: 0.5167 | F11: 1 | G11: N | H11: N | J11: 31.7 | K11: =6*10 -> 60 | L11: 0.5167 | M11: =J11/K11 -> 0.52833333 | N11: =IFERROR(M11-L11, "") -> 0.011633333 | O11: 31 | P11: =P28 -> 0.472 | Q11: =Table1[[#This Row],[Current BOM Utilization (Kg)]]-P11 -> 0.0447 | S11: =IFERROR((Table1[[#This Row],[Calculated Utilization (Kg)]]-Table1[[#This Row],[Actual Part Wt (Kg)]])/Table1[[#This Row],[Calculated Utilization (Kg)]], "") -> 0.10662461 | U11: No shear plan in Master Data, request for one, also confirm if it's possible to get a pdf laser nest for this
B12: Heat Shield; Flanged With Holes ; KCA5 | C12: SS439; Sheet; With PVC Coating; 0.8mm thk × 1219mmW x 2438mm L | D12: 10155 | E12: 0.1473 | F12: 1 | H12: Y | I12: Y | J12: 18.1 | K12: 95 | L12: 0.1473 | M12: =J12/K12 -> 0.19052632 | N12: =IFERROR(M12-L12, "") -> 0.043226316 | P12: =P29 -> 0.126 | Q12: =Table1[[#This Row],[Current BOM Utilization (Kg)]]-P12 -> 0.0213 | S12: =IFERROR((Table1[[#This Row],[Calculated Utilization (Kg)]]-Table1[[#This Row],[Actual Part Wt (Kg)]])/Table1[[#This Row],[Calculated Utilization (Kg)]], "") -> 0.33867403 | U12: Get a full HS nest
B13: Heat Shield Tab 1; Blank; KCA5 | C13: SS439; Sheet; With PVC Coating; 0.8mm thk × 1219mmW x 2438mm L | D13: 10155 | E13: 0.0109 | F13: 2 | H13: Y | J13: 18.1 | K13: 1540 | L13: 0.0109 | M13: =J13/K13 -> 0.011753247 | N13: =IFERROR(M13-L13, "") -> 0.00085324675 | P13: =P30 -> 0.008 | Q13: =Table1[[#This Row],[Current BOM Utilization (Kg)]]-P13 -> 0.0029 | S13: =IFERROR((Table1[[#This Row],[Calculated Utilization (Kg)]]-Table1[[#This Row],[Actual Part Wt (Kg)]])/Table1[[#This Row],[Calculated Utilization (Kg)]], "") -> 0.31933702 | U13: Request a full nest, parts from MMJ CD nest not sufficient. Do a review of MMJ CD nest - naming inter-changed, can we add more on the nest to support MMX?
B14: Heat Shield Tab 2; Flat; KCA5 | C14: SS439; Sheet; With PVC Coating; 0.8mm thk × 1219mmW x 2438mm L | D14: 10155 | E14: 0.01341 | F14: 1 | H14: Y | J14: 18.1 | K14: 1540 | L14: 0.01341 | M14: =J14/K14 -> 0.011753247 | N14: =IFERROR(M14-L14, "") -> -0.0016567532 | P14: =P31 -> 0.007 | Q14: =Table1[[#This Row],[Current BOM Utilization (Kg)]]-P14 -> 0.00641 | S14: =IFERROR((Table1[[#This Row],[Calculated Utilization (Kg)]]-Table1[[#This Row],[Actual Part Wt (Kg)]])/Table1[[#This Row],[Calculated Utilization (Kg)]], "") -> 0.40441989 | U14: Request a full nest, parts from MMJ CD nest not sufficient. Do a review of MMJ CD nest - naming inter-changed, can we add more on the nest to support MMX?
B15: Bottom; Formed; KCA4 | C15: AZ150 0.6mm Galvalume Coated Carbon Steel; Sheet; 1219mm W × 2300mm L | D15: 11279 | E15: 0.4821 | F15: 1 | G15: Y | I15: N | J15: 12.8 | K15: 21 | L15: 0.4821 | M15: =(J15-((M16*26)+(M5*12)))/K15 -> 0.44623331 | N15: =IFERROR(M15-L15, "") -> -0.035866692 | P15: 0.306 | Q15: =Table1[[#This Row],[Current BOM Utilization (Kg)]]-P15 -> 0.1761 | S15: =IFERROR((Table1[[#This Row],[Calculated Utilization (Kg)]]-Table1[[#This Row],[Actual Part Wt (Kg)]])/Table1[[#This Row],[Calculated Utilization (Kg)]], "") -> 0.31426006 | U15: Shear plan for the right sheet
B16: Foot; Formed; KCA4 | C16: AZ100 0.7 Galvalume Sheet; 1219mm W x 2438mm L | D16: 10072B | E16: 0.0212 | F16: 3 | G16: N | J16: 17 | K16: 756 | L16: 0.0212 | M16: =J16/K16 -> 0.022486772 | N16: =IFERROR(M16-L16, "") -> 0.0012867725 | O16: 16.05 | P16: 0.01652 | Q16: =Table1[[#This Row],[Current BOM Utilization (Kg)]]-P16 -> 0.00468 | S16: =IFERROR((Table1[[#This Row],[Calculated Utilization (Kg)]]-Table1[[#This Row],[Actual Part Wt (Kg)]])/Table1[[#This Row],[Calculated Utilization (Kg)]], "") -> 0.26534588 | U16: Do a new shear plan for KCA4 Foot | V16: Needs an official shear Plan
B17: SB Handle unformed; 10mm OD MS Tube; KCA2 | C17: Carbon Steel Tubing; 10mm OD x 1mm wall x 3m L | D17: 10073 | E17: 0.055 | F17: 2 | G17: N/A | J17: TBD | K17: 12 | L17: 0.055 | M17: TBD | N17: =IFERROR(M17-L17, "") | Q17: =Table1[[#This Row],[Current BOM Utilization (Kg)]]-P17 -> 0.055 | S17: =IFERROR((Table1[[#This Row],[Calculated Utilization (Kg)]]-Table1[[#This Row],[Actual Part Wt (Kg)]])/Table1[[#This Row],[Calculated Utilization (Kg)]], "") | V17: Needs an official shear Plan
B18: Side Body; punched; ECOA; un-coated; KCB2 | C18: 1008 0.6 CRCA Carbon Steel; Sheet; 1219mm W × 2675mm L | D18: 10070B | E18: 1.08 | F18: 1 | G18: Y | I18: Y | J18: 15.6 | K18: 14 | L18: 1.08 | M18: =J18/K18 -> 1.1142857 | N18: =IFERROR(M18-L18, "") -> 0.034285714 | P18: 0.889 | Q18: =Table1[[#This Row],[Current BOM Utilization (Kg)]]-P18 -> 0.191 | S18: =IFERROR((Table1[[#This Row],[Calculated Utilization (Kg)]]-Table1[[#This Row],[Actual Part Wt (Kg)]])/Table1[[#This Row],[Calculated Utilization (Kg)]], "") -> 0.20217949
B19: Logo Backing Plate; 52.0mm W × 171.9mm L; KCA5 | C19: SS201; Sheet; With PVC Coating; 0.5mm thk x 1219.2mm W × 2675mm L; Hairline | D19: 11090 | E19: 0.0356 | F19: 1 | H19: Y | I19: Y | J19: 12.7 | K19: 343 | L19: 0.0356 | M19: =J19/K19 -> 0.037026239 | N19: =IFERROR(M19-L19, "") -> 0.0014262391 | P19: 0.0322 | Q19: =Table1[[#This Row],[Current BOM Utilization (Kg)]]-P19 -> 0.0034 | S19: =IFERROR((Table1[[#This Row],[Calculated Utilization (Kg)]]-Table1[[#This Row],[Actual Part Wt (Kg)]])/Table1[[#This Row],[Calculated Utilization (Kg)]], "") -> 0.13034646
B20: Serialized Logo; Laser Marked; KCB2 | C20: SS201; Sheet; With PVC Coating; 0.5mm thk x 1219.2mm W × 2675mm L; Hairline | D20: 11090 | E20: 0.01154 | F20: 1 | G20: Y | H20: Y | I20: N | J20: 12.7 | K20: 1131 | L20: 0.01154 | M20: =J20/K20 -> 0.011229001 | N20: =IFERROR(M20-L20, "") -> -0.00031099912 | P20: =P37 -> 0.0096 | Q20: =Table1[[#This Row],[Current BOM Utilization (Kg)]]-P20 -> 0.00194 | R20: =SUM(Q3:Q20) -> 0.77989 | S20: =IFERROR((Table1[[#This Row],[Calculated Utilization (Kg)]]-Table1[[#This Row],[Actual Part Wt (Kg)]])/Table1[[#This Row],[Calculated Utilization (Kg)]], "") -> 0.14507087 | T20: =AVERAGE(S3:S19) -> 0.2164185 | U20: Shear plan outdated, needs to be updated
B21: Bridge Wall; Flat With formed rails; KCA5 | C21: AZ150 0.6mm Galvalume Coated Carbon Steel; Sheet; 1219mm W × 2300mm L | D21: 11279 | E21: 0.1116 | F21: 1 | H21: Y | I21: Y | J21: 12.8 | K21: 120 | L21: 0.1116 | M21: =J21/K21 -> 0.10666667 | N21: =IFERROR(M21-L21, "") -> -0.0049333333 | O21: 13.5 | P21: 0.093 | Q21: =Table1[[#This Row],[Current BOM Utilization (Kg)]]-P21 -> 0.0186 | S21: =IFERROR((Table1[[#This Row],[Calculated Utilization (Kg)]]-Table1[[#This Row],[Actual Part Wt (Kg)]])/Table1[[#This Row],[Calculated Utilization (Kg)]], "") -> 0.128125
B22: Bridge Hat; Flat with holes; KCA5 | C22: AZ150 0.6mm Galvalume Coated Steel Sheet; 1219mm w x 2500mm L (DX53D) | D22: 10970 | E22: 0.02 | F22: 1 | H22: Y | I22: Y | J22: 13.6 | K22: 731 | L22: 0.02 | M22: =J22/K22 -> 0.018604651 | N22: =IFERROR(M22-L22, "") -> -0.0013953488 | O22: 13.84 | P22: 0.016 | Q22: =Table1[[#This Row],[Current BOM Utilization (Kg)]]-P22 -> 0.004 | S22: =IFERROR((Table1[[#This Row],[Calculated Utilization (Kg)]]-Table1[[#This Row],[Actual Part Wt (Kg)]])/Table1[[#This Row],[Calculated Utilization (Kg)]], "") -> 0.14
B23: Bridge Base; Fully formed with holes; KCA5 | C23: AZ150 0.6mm Galvalume Coated Carbon Steel; Sheet; 1219mm W × 2300mm L | D23: 11279 | E23: 0.1298 | F23: 1 | G23: Y | I23: Y | J23: 12.8 | K23: 99 | L23: 0.1298 | M23: =J23/K23 -> 0.12929293 | N23: =IFERROR(M23-L23, "") -> -0.00050707071 | O23: 13.5 | P23: 0.091 | Q23: =Table1[[#This Row],[Current BOM Utilization (Kg)]]-P23 -> 0.0388 | S23: =IFERROR((Table1[[#This Row],[Calculated Utilization (Kg)]]-Table1[[#This Row],[Actual Part Wt (Kg)]])/Table1[[#This Row],[Calculated Utilization (Kg)]], "") -> 0.29617188 | U23: Material part # on shear plan needs updating
B24: Ash Tray; Formed with holes; KCA5 | C24: SS439; Sheet; With PVC Coating; 0.6mm thk x 1219mm W × 2438mm L | D24: 10154 | E24: 0.1646 | F24: 1 | G24: Y | I24: Y | J24: 13.5 | K24: 80 | L24: 0.1646 | M24: =J24/K24 -> 0.16875 | N24: =IFERROR(M24-L24, "") -> 0.00415 | O24: 13.5 | P24: 0.114 | Q24: =Table1[[#This Row],[Current BOM Utilization (Kg)]]-P24 -> 0.0506 | S24: =IFERROR((Table1[[#This Row],[Calculated Utilization (Kg)]]-Table1[[#This Row],[Actual Part Wt (Kg)]])/Table1[[#This Row],[Calculated Utilization (Kg)]], "") -> 0.32444444
B25: Door; with emboss; KCA5; RevA | C25: SS201; Sheet; With PVC Coating; 0.5mm thk x 1219.2mm W × 2675mm L; Hairline | D25: 11090 | E25: 0.0492 | F25: 1 | H25: Y | I25: Y | J25: 12.7 | K25: 264 | L25: 0.0492 | M25: =J25/K25 -> 0.048106061 | N25: =IFERROR(M25-L25, "") -> -0.0010939394 | O25: 12 | P25: 0.039 | Q25: =Table1[[#This Row],[Current BOM Utilization (Kg)]]-P25 -> 0.0102 | S25: =IFERROR((Table1[[#This Row],[Calculated Utilization (Kg)]]-Table1[[#This Row],[Actual Part Wt (Kg)]])/Table1[[#This Row],[Calculated Utilization (Kg)]], "") -> 0.18929134
B26: Ash Tray Handle; Formed; KCA5 | C26: SS201; Sheet; With PVC Coating; 0.5mm thk x 1219.2mm W × 2675mm L; Hairline | D26: 11090 | E26: 0.0114 | F26: 1 | H26: Y | I26: N | J26: 12.7 | K26: 2413 | L26: 0.0114 | M26: =J26/K26 -> 0.0052631579 | N26: =IFERROR(M26-L26, "") -> -0.0061368421 | O26: 12 | P26: 0.005 | Q26: =Table1[[#This Row],[Current BOM Utilization (Kg)]]-P26 -> 0.0064 | S26: =IFERROR((Table1[[#This Row],[Calculated Utilization (Kg)]]-Table1[[#This Row],[Actual Part Wt (Kg)]])/Table1[[#This Row],[Calculated Utilization (Kg)]], "") -> 0.05 | U26: Review - nesting plan material doesn't match with BOM material | V26: Done
B27: Deck; Formed with holes; KCA5 | C27: SS439; Sheet; With PVC Coating; 0.8mm thk × 1219mm | D27: 10155 | E27: 0.2465 | F27: 1 | H27: Y | I27: Y | J27: 18.1 | K27: 40 | L27: 0.2465 | M27: =(J27-((M29*40)+(M30*80)+(M31*40)))/K27 -> 0.22671394 | N27: =IFERROR(M27-L27, "") -> -0.019786056 | O27: 18 | P27: 0.189 | Q27: =Table1[[#This Row],[Current BOM Utilization (Kg)]]-P27 -> 0.0575 | S27: =IFERROR((Table1[[#This Row],[Calculated Utilization (Kg)]]-Table1[[#This Row],[Actual Part Wt (Kg)]])/Table1[[#This Row],[Calculated Utilization (Kg)]], "") -> 0.16635035 | U27: Request for full nests of HS Tab1 & HS Tab 2
B28: Combustion Chamber; Formed ; KCA5 | C28: SS321; Sheet; 1.5mm thk × 1000mm W x 2660mm L | D28: 11332 | E28: 0.5267 | F28: 1 | H28: N | J28: 31.7 | K28: =6*10 -> 60 | L28: 0.5267 | M28: =J28/K28 -> 0.52833333 | N28: =IFERROR(M28-L28, "") -> 0.0016333333 | P28: 0.472 | Q28: =Table1[[#This Row],[Current BOM Utilization (Kg)]]-P28 -> 0.0547 | S28: =IFERROR((Table1[[#This Row],[Calculated Utilization (Kg)]]-Table1[[#This Row],[Actual Part Wt (Kg)]])/Table1[[#This Row],[Calculated Utilization (Kg)]], "") -> 0.10662461 | U28: Request for a nest | V28: Done
B29: Heat Shield; Flanged With Holes ; KCA5 | C29: SS439; Sheet; With PVC Coating; 0.8mm thk × 1219mmW x 2438mm L | D29: 10155 | E29: 0.1473 | F29: 1 | H29: Y | I29: Y | J29: 18.1 | K29: 95 | L29: 0.1473 | M29: =J29/K29 -> 0.19052632 | N29: =IFERROR(M29-L29, "") -> 0.043226316 | O29: 18 | P29: 0.126 | Q29: =Table1[[#This Row],[Current BOM Utilization (Kg)]]-P29 -> 0.0213 | S29: =IFERROR((Table1[[#This Row],[Calculated Utilization (Kg)]]-Table1[[#This Row],[Actual Part Wt (Kg)]])/Table1[[#This Row],[Calculated Utilization (Kg)]], "") -> 0.33867403
B30: Heat Shield Tab 1; Blank; KCA5 | C30: SS439; Sheet; With PVC Coating; 0.8mm thk × 1219mmW x 2438mm L | D30: 10155 | E30: 0.0109 | F30: 2 | H30: Y | I30: Y | J30: 18.1 | K30: 1540 | L30: 0.0109 | M30: =J30/K30 -> 0.011753247 | N30: =IFERROR(M30-L30, "") -> 0.00085324675 | O30: 18 | P30: 0.008 | Q30: =Table1[[#This Row],[Current BOM Utilization (Kg)]]-P30 -> 0.0029 | S30: =IFERROR((Table1[[#This Row],[Calculated Utilization (Kg)]]-Table1[[#This Row],[Actual Part Wt (Kg)]])/Table1[[#This Row],[Calculated Utilization (Kg)]], "") -> 0.31933702
B31: Heat Shield Tab 2; Flat; KCA5 | C31: SS439; Sheet; With PVC Coating; 0.8mm thk × 1219mmW x 2438mm L | D31: 10155 | E31: 0.01341 | F31: 1 | H31: Y | I31: Y | J31: 18.1 | K31: 1540 | L31: 0.01341 | M31: =J31/K31 -> 0.011753247 | N31: =IFERROR(M31-L31, "") -> -0.0016567532 | O31: 18 | P31: 0.007 | Q31: =Table1[[#This Row],[Current BOM Utilization (Kg)]]-P31 -> 0.00641 | S31: =IFERROR((Table1[[#This Row],[Calculated Utilization (Kg)]]-Table1[[#This Row],[Actual Part Wt (Kg)]])/Table1[[#This Row],[Calculated Utilization (Kg)]], "") -> 0.40441989
B32: Pot Support; Formed with bend; KCA5 | C32: SS439; Sheet; With PVC Coating; 0.8mm thk × 1219mmW x 2438mm L | D32: 10155 | E32: 0.0156 | F32: 5 | H32: Y | I32: Y | J32: 18.1 | K32: 1164 | L32: 0.0156 | M32: =J32/K32 -> 0.015549828 | N32: =IFERROR(M32-L32, "") -> -5.0171821e-05 | O32: 18 | P32: 0.011 | Q32: =Table1[[#This Row],[Current BOM Utilization (Kg)]]-P32 -> 0.0046 | S32: =IFERROR((Table1[[#This Row],[Calculated Utilization (Kg)]]-Table1[[#This Row],[Actual Part Wt (Kg)]])/Table1[[#This Row],[Calculated Utilization (Kg)]], "") -> 0.29259669
B33: Bottom; Formed with holes; KCA5 | C33: AZ150 0.6mm Galvalume Coated Steel Sheet; 1219mm w x 2500mm L (DX53D) | D33: 10970 | E33: 0.3836 | F33: 1 | H33: Y | I33: Y | J33: 13.6 | K33: 35 | L33: 0.3836 | M33: =(J33-((M34*35)+(M22*35)))/K33 -> 0.36413987 | N33: =IFERROR(M33-L33, "") -> -0.019460129 | O33: 13.84 | P33: 0.256 | Q33: =Table1[[#This Row],[Current BOM Utilization (Kg)]]-P33 -> 0.1276 | S33: =IFERROR((Table1[[#This Row],[Calculated Utilization (Kg)]]-Table1[[#This Row],[Actual Part Wt (Kg)]])/Table1[[#This Row],[Calculated Utilization (Kg)]], "") -> 0.29697344 | U33: Request for a full nest of Bridge Hat & Insulation Retainers NPD projection was at 40parts/ sheet - review Max
B34: Insulation Retainer; Bent Tabs; KCA5 | C34: AZ150 0.6mm Galvalume Coated Steel Sheet; 1219mm w x 2500mm L (DX53D) | D34: 10970 | E34: 0.0067 | F34: 1 | H34: Y | I34: Y | J34: 13.6 | K34: 2334 | L34: 0.0067 | M34: =J34/K34 -> 0.0058269066 | N34: =IFERROR(M34-L34, "") -> -0.0008730934 | O34: 13.84 | P34: 0.005 | Q34: =Table1[[#This Row],[Current BOM Utilization (Kg)]]-P34 -> 0.0017 | S34: =IFERROR((Table1[[#This Row],[Calculated Utilization (Kg)]]-Table1[[#This Row],[Actual Part Wt (Kg)]])/Table1[[#This Row],[Calculated Utilization (Kg)]], "") -> 0.14191176 | U34: Request for a nest | V34: Done
B35: Sidebody; With Jikokoa Emboss; KCA5 | C35: SS201; Sheet; With PVC Coating; 0.4mm thk x 1219mm W × 2438mm L; Hairline | D35: 11213B | E35: 0.55556 | F35: 1 | H35: Y | I35: N | J35: 10 | K35: 18 | L35: 0.55556 | M35: =J35/K35 -> 0.55555556 | N35: =IFERROR(M35-L35, "") -> -4.4444444e-06 | O35: 10 | P35: 0.471 | Q35: =Table1[[#This Row],[Current BOM Utilization (Kg)]]-P35 -> 0.08456 | S35: =IFERROR((Table1[[#This Row],[Calculated Utilization (Kg)]]-Table1[[#This Row],[Actual Part Wt (Kg)]])/Table1[[#This Row],[Calculated Utilization (Kg)]], "") -> 0.1522 | U35: Request an update of the nest with the right size of material
B36: Side Body Handle; WIP; KCA5 | C36: SS201; Sheet; Without PVC Coating; 0.8mm thk x 1219mm W × 2438mm L; BA Finish | D36: 11442 | E36: 0.03717 | F36: 2 | H36: Y | I36: Y | J36: 17.7 | K36: 468 | L36: 0.03717 | M36: =J36/K36 -> 0.037820513 | N36: =IFERROR(M36-L36, "") -> 0.00065051282 | O36: 17.4 | P36: =P40 -> 0.0295 | Q36: =Table1[[#This Row],[Current BOM Utilization (Kg)]]-P36 -> 0.00767 | S36: =IFERROR((Table1[[#This Row],[Calculated Utilization (Kg)]]-Table1[[#This Row],[Actual Part Wt (Kg)]])/Table1[[#This Row],[Calculated Utilization (Kg)]], "") -> 0.22
B37: Serialized Logo; Laser-marked; KS; KCA5 | C37: SS201; Sheet; With PVC Coating; 0.5mm thk x 1219.2mm W × 2675mm L; Hairline | D37: 11090 | E37: 0.01154 | F37: 1 | H37: N | J37: 12.7 | K37: 1131 | L37: 0.01154 | M37: =J37/K37 -> 0.011229001 | N37: =IFERROR(M37-L37, "") -> -0.00031099912 | P37: =P42 -> 0.0096 | Q37: =Table1[[#This Row],[Current BOM Utilization (Kg)]]-P37 -> 0.00194 | R37: =SUM(Q21:Q37) -> 0.49948 | S37: =IFERROR((Table1[[#This Row],[Calculated Utilization (Kg)]]-Table1[[#This Row],[Actual Part Wt (Kg)]])/Table1[[#This Row],[Calculated Utilization (Kg)]], "") -> 0.14507087 | T37: =AVERAGE(S21:S37) -> 0.21836419 | U37: Request for a nest | V37: Done
B38: Side Body; Embossed; Pierced; KWB3.1 | C38: SS201; Sheet; With PVC Coating; 0.4mm thk x 1219mm × 2190mm L; Hairline | D38: 11515 | E38: 0.6121 | F38: 1 | G38: Y | I38: Y | J38: 9.16 | K38: 12 | L38: 0.6121 | M38: =(J38-(L46*10))/K38 -> 0.67589167 | N38: =IFERROR(M38-L38, "") -> 0.063791667 | O38: 8.395 | P38: 0.594 | Q38: =Table1[[#This Row],[Current BOM Utilization (Kg)]]-P38 -> 0.0181 | S38: =IFERROR((Table1[[#This Row],[Calculated Utilization (Kg)]]-Table1[[#This Row],[Actual Part Wt (Kg)]])/Table1[[#This Row],[Calculated Utilization (Kg)]], "") -> 0.12116094
B39: Front plate; Embossed; Pierced; KWB3.1 | C39: SS439; Sheet; With PVC Coating; 0.6mm thk x 1219mm W × 2438mm L | D39: 10154 | E39: 0.094 | F39: 1 | H39: Y | I39: Y | J39: 13.5 | K39: 144 | L39: 0.094 | M39: =J39/K39 -> 0.09375 | N39: =IFERROR(M39-L39, "") -> -0.00025 | O39: 13.5 | P39: 0.084 | Q39: =Table1[[#This Row],[Current BOM Utilization (Kg)]]-P39 -> 0.01 | S39: =IFERROR((Table1[[#This Row],[Calculated Utilization (Kg)]]-Table1[[#This Row],[Actual Part Wt (Kg)]])/Table1[[#This Row],[Calculated Utilization (Kg)]], "") -> 0.104
B40: Side Body Handle; WIP; KCA5 | C40: SS201; Sheet; Without PVC Coating; 0.8mm thk x 1219mm W × 2438mm L; BA Finish | D40: 11442 | E40: 0.03717 | F40: 2 | H40: Y | I40: Y | J40: 17.7 | K40: 468 | L40: 0.03717 | M40: =J40/K40 -> 0.037820513 | N40: =IFERROR(M40-L40, "") -> 0.00065051282 | O40: 17.4 | P40: 0.0295 | Q40: =Table1[[#This Row],[Current BOM Utilization (Kg)]]-P40 -> 0.00767 | S40: =IFERROR((Table1[[#This Row],[Calculated Utilization (Kg)]]-Table1[[#This Row],[Actual Part Wt (Kg)]])/Table1[[#This Row],[Calculated Utilization (Kg)]], "") -> 0.22
B41: Heat Shroud; Flat; KWB3.0 | C41: AZ100 0.2 Galvalume Sheet; 975mm W x 2438mm L | D41: 10296A | E41: 0.1961 | F41: 1 | H41: Y | I41: Y | J41: 3.55 | K41: 18 | L41: 0.1961 | M41: =J41/K41 -> 0.19722222 | N41: =IFERROR(M41-L41, "") -> 0.0011222222 | O41: 3.53 | P41: 0.1403 | Q41: =Table1[[#This Row],[Current BOM Utilization (Kg)]]-P41 -> 0.0558 | S41: =IFERROR((Table1[[#This Row],[Calculated Utilization (Kg)]]-Table1[[#This Row],[Actual Part Wt (Kg)]])/Table1[[#This Row],[Calculated Utilization (Kg)]], "") -> 0.28861972
B42: Serialized Logo; Laser-marked; KS; KWB3 | C42: SS201; Sheet; With PVC Coating; 0.5mm thk x 1219.2mm W × 2675mm L; Hairline | D42: 11090 | E42: 0.01154 | F42: 1 | H42: N | J42: 12.7 | K42: 1131 | L42: 0.01154 | M42: =J42/K42 -> 0.011229001 | N42: =IFERROR(M42-L42, "") -> -0.00031099912 | P42: 0.0096 | Q42: =Table1[[#This Row],[Current BOM Utilization (Kg)]]-P42 -> 0.00194 | S42: =IFERROR((Table1[[#This Row],[Calculated Utilization (Kg)]]-Table1[[#This Row],[Actual Part Wt (Kg)]])/Table1[[#This Row],[Calculated Utilization (Kg)]], "") -> 0.14507087 | U42: Nest needed (same across all products) | V42: Done
B43: Bottom; Pierced & Formed; KWB3.0 | C43: AZ150 0.6mm Galvalume Coated Carbon Steel; Sheet; 1219mm W × 2300mm L | D43: 11279 | E43: 0.3562 | F43: 1 | L43: 0.3562 | N43: =IFERROR(M43-L43, "") -> -0.3562 | P43: 0.2573 | Q43: =Table1[[#This Row],[Current BOM Utilization (Kg)]]-P43 -> 0.0989 | S43: =IFERROR((Table1[[#This Row],[Calculated Utilization (Kg)]]-Table1[[#This Row],[Actual Part Wt (Kg)]])/Table1[[#This Row],[Calculated Utilization (Kg)]], "")
B44: Foot; Formed; KWB3.0 | C44: AZ150 0.6mm Galvalume Coated Carbon Steel; Sheet; 1219mm W × 2300mm L | D44: 11279 | E44: 0.0133 | F44: 3 | L44: 0.0133 | N44: =IFERROR(M44-L44, "") -> -0.0133 | P44: 0.01 | Q44: =Table1[[#This Row],[Current BOM Utilization (Kg)]]-P44 -> 0.0033 | S44: =IFERROR((Table1[[#This Row],[Calculated Utilization (Kg)]]-Table1[[#This Row],[Actual Part Wt (Kg)]])/Table1[[#This Row],[Calculated Utilization (Kg)]], "") | U44: Request for a nest
B45: Bridge; Formed; Flat; KWB3.0 | C45: AZ150 0.6mm Galvalume Coated Carbon Steel; Sheet; 1219mm W × 2300mm L | D45: 11279 | E45: 0.1107 | F45: 1 | J45: 12.8 | K45: 127 | L45: 0.1107 | M45: =Table1[[#This Row],[Sheet Weight (Kg)]]/Table1[[#This Row],[Parts/ Sheet]] -> 0.1007874 | N45: =IFERROR(M45-L45, "") -> -0.0099125984 | P45: 0.0898 | Q45: =Table1[[#This Row],[Current BOM Utilization (Kg)]]-P45 -> 0.0209 | S45: =IFERROR((Table1[[#This Row],[Calculated Utilization (Kg)]]-Table1[[#This Row],[Actual Part Wt (Kg)]])/Table1[[#This Row],[Calculated Utilization (Kg)]], "") -> 0.10901563
B46: False Bottom; Formed; KWB3.1 | C46: SS201; Sheet; With PVC Coating; 0.4mm thk x 1219mm × 2190mm L; Hairline | D46: 11515 | E46: 0.10493 | F46: 1 | G46: Y | I46: Y | J46: 9.16 | L46: 0.10493 | M46: TBD | N46: =IFERROR(M46-L46, "") | P46: 0.0752 | Q46: =Table1[[#This Row],[Current BOM Utilization (Kg)]]-P46 -> 0.02973 | S46: =IFERROR((Table1[[#This Row],[Calculated Utilization (Kg)]]-Table1[[#This Row],[Actual Part Wt (Kg)]])/Table1[[#This Row],[Calculated Utilization (Kg)]], "") | U46: Do a shear plan for a full sheet
B47: Swing Door; Flat With Emboss; KWA1 | C47: SS439; Sheet; With PVC Coating; 0.6mm thk x 1219mm W × 2438mm L | D47: 10154 | E47: 0.036 | F47: 1 | G47: Y | I47: Y | J47: 13.5 | K47: 378 | L47: 0.036 | M47: =J47/K47 -> 0.035714286 | N47: =IFERROR(M47-L47, "") -> -0.00028571429 | O47: 13.5 | P47: 0.0296 | Q47: =Table1[[#This Row],[Current BOM Utilization (Kg)]]-P47 -> 0.0064 | S47: =IFERROR((Table1[[#This Row],[Calculated Utilization (Kg)]]-Table1[[#This Row],[Actual Part Wt (Kg)]])/Table1[[#This Row],[Calculated Utilization (Kg)]], "") -> 0.1712
B48: Combustion Chamber; 1-piece Formed; KWB3.1 | C48: SS304; Sheet; 1.2mm thk × 1219.2mm W × 2620mm L | D48: 11040B | E48: 0.4495 | F48: 1 | H48: Y | I48: Y | J48: 29.8 | K48: 66 | L48: 0.4495 | M48: =J48/K48 -> 0.45151515 | N48: =IFERROR(M48-L48, "") -> 0.0020151515 | P48: 0.3903 | Q48: =Table1[[#This Row],[Current BOM Utilization (Kg)]]-P48 -> 0.0592 | S48: =(M48-(P48+P62))/M48 -> 0.12062752
B49: Firebox Top Panel; Flat; KWB3.0 | C49: SS439; Sheet; With PVC Coating; 0.8mm thk × 1219mmW x 2438mm L | D49: 10155 | E49: 0.0789 | F49: 1 | H49: Y | I49: Y | J49: 18.1 | K49: 230 | L49: 0.0789 | M49: =J49/K49 -> 0.078695652 | N49: =IFERROR(M49-L49, "") -> -0.00020434783 | O49: 18 | P49: 0.0748 | Q49: =Table1[[#This Row],[Current BOM Utilization (Kg)]]-P49 -> 0.0041 | S49: =IFERROR((Table1[[#This Row],[Calculated Utilization (Kg)]]-Table1[[#This Row],[Actual Part Wt (Kg)]])/Table1[[#This Row],[Calculated Utilization (Kg)]], "") -> 0.049502762
B50: Woodshelf; Formed; KWB3.0 | C50: SS439; Sheet; 1.2mm thk × 1219mm W × 2438mm L | D50: 11226 | E50: 0.0933 | F50: 1 | H50: Y | I50: Y | J50: 27.3 | K50: 288 | L50: 0.0933 | M50: =J50/K50 -> 0.094791667 | N50: =IFERROR(M50-L50, "") -> 0.0014916667 | O50: 27.068 | P50: 0.0776 | Q50: =Table1[[#This Row],[Current BOM Utilization (Kg)]]-P50 -> 0.0157 | S50: =IFERROR((Table1[[#This Row],[Calculated Utilization (Kg)]]-Table1[[#This Row],[Actual Part Wt (Kg)]])/Table1[[#This Row],[Calculated Utilization (Kg)]], "") -> 0.18136264
B51: Cone Deck; Formed; KWB3.0 | C51: SS439; Sheet; With PVC Coating; 0.6mm thk x 1219mm W × 2438mm L | D51: 10154 | E51: 0.321 | F51: 1 | H51: Y | I51: Y | J51: 13.5 | K51: 33 | L51: 0.321 | M51: =(J51-((L52*K51*5)+(L55*K51)+(L56*K51)))/K51 -> 0.31638091 | N51: =IFERROR(M51-L51, "") -> -0.0046190909 | O51: 13.5 | P51: 0.2526 | Q51: =Table1[[#This Row],[Current BOM Utilization (Kg)]]-P51 -> 0.0684 | S51: =IFERROR((Table1[[#This Row],[Calculated Utilization (Kg)]]-Table1[[#This Row],[Actual Part Wt (Kg)]])/Table1[[#This Row],[Calculated Utilization (Kg)]], "") -> 0.20159532 | U51: Request for a full nest of Pot Supports, Ash Tray Handle & Ash Tray Door | V51: Done
B52: Pot Support; Formed; KWB3.0 | C52: SS439; Sheet; With PVC Coating; 0.6mm thk x 1219mm W × 2438mm L | D52: 10154 | E52: 0.0109 | F52: 5 | H52: Y | J52: 13.5 | K52: 1243 | L52: 0.0109 | M52: =J52/K52 -> 0.010860821 | N52: =IFERROR(M52-L52, "") -> -3.9179405e-05 | O52: 13.5 | P52: 0.0083 | Q52: =Table1[[#This Row],[Current BOM Utilization (Kg)]]-P52 -> 0.0026 | S52: =IFERROR((Table1[[#This Row],[Calculated Utilization (Kg)]]-Table1[[#This Row],[Actual Part Wt (Kg)]])/Table1[[#This Row],[Calculated Utilization (Kg)]], "") -> 0.23578519 | U52: Request for a full nest | V52: Done
B53: Riser; Flat; KWB2.2 | C53: SS439; Sheet; 1.2mm thk × 1219mm W × 2438mm L | D53: 11226 | E53: 0.38571 | F53: 1 | H53: Y | I53: Y | J53: 27.3 | K53: 70 | L53: 0.38571 | M53: =J53/K53 -> 0.39 | N53: =IFERROR(M53-L53, "") -> 0.00429 | O53: 27.068 | P53: 0.327 | Q53: =Table1[[#This Row],[Current BOM Utilization (Kg)]]-P53 -> 0.05871 | S53: =(M53-(P53+P67))/M53 -> 0.16153846
B54: Ash Tray Based; Formed; KWB3.0 | C54: SS439; Sheet; With PVC Coating; 0.6mm thk x 1219mm W × 2438mm L | D54: 10154 | E54: 0.141 | F54: 1 | H54: Y | I54: Y | J54: 13.5 | K54: 96 | L54: 0.141 | M54: =J54/K54 -> 0.140625 | N54: =IFERROR(M54-L54, "") -> -0.000375 | O54: 13.5 | P54: 0.1163 | Q54: =Table1[[#This Row],[Current BOM Utilization (Kg)]]-P54 -> 0.0247 | S54: =IFERROR((Table1[[#This Row],[Calculated Utilization (Kg)]]-Table1[[#This Row],[Actual Part Wt (Kg)]])/Table1[[#This Row],[Calculated Utilization (Kg)]], "") -> 0.17297778
B55: Ash Tray Door; Formed; KWA1 | C55: SS439; Sheet; With PVC Coating; 0.6mm thk x 1219mm W × 2438mm L | D55: 10154 | E55: 0.0305 | F55: 1 | H55: Y | J55: 13.5 | K55: 536 | L55: 0.0305 | M55: =J55/K55 -> 0.025186567 | N55: =IFERROR(M55-L55, "") -> -0.0053134328 | O55: 13.5 | P55: 0.0226 | Q55: =Table1[[#This Row],[Current BOM Utilization (Kg)]]-P55 -> 0.0079 | S55: =IFERROR((Table1[[#This Row],[Calculated Utilization (Kg)]]-Table1[[#This Row],[Actual Part Wt (Kg)]])/Table1[[#This Row],[Calculated Utilization (Kg)]], "") -> 0.1026963 | U55: BOM number from shear plan, carried over from KWB2.1
B56: Ash Tray Handle; Formed; KWB2.2 | C56: SS439; Sheet; With PVC Coating; 0.6mm thk x 1219mm W × 2438mm L | D56: 10154 | E56: 0.00771 | F56: 1 | H56: Y | J56: 13.5 | K56: 2035 | L56: 0.00771 | M56: =J56/K56 -> 0.0066339066 | N56: =IFERROR(M56-L56, "") -> -0.0010760934 | O56: 13.5 | P56: 0.006 | Q56: =Table1[[#This Row],[Current BOM Utilization (Kg)]]-P56 -> 0.00171 | S56: =IFERROR((Table1[[#This Row],[Calculated Utilization (Kg)]]-Table1[[#This Row],[Actual Part Wt (Kg)]])/Table1[[#This Row],[Calculated Utilization (Kg)]], "") -> 0.095555556
B57: Swing Shelf Rails; Formed 2D; KWB3.0 | C57: SS201; Wire; 4mm dia x 2400mm L | D57: 11291 | E57: 0.0402 | F57: 2 | J57: 0.2379 | L57: 0.0402 | N57: =IFERROR(M57-L57, "") -> -0.0402 | P57: 0.0316 | Q57: =Table1[[#This Row],[Current BOM Utilization (Kg)]]-P57 -> 0.0086 | S57: =IFERROR((Table1[[#This Row],[Calculated Utilization (Kg)]]-Table1[[#This Row],[Actual Part Wt (Kg)]])/Table1[[#This Row],[Calculated Utilization (Kg)]], "")
B58: *Swingshelf Rods | C58: SS201; Wire; 3mm dia x 2400mm L | D58: 11290 | E58: 0.0555 | F58: 1 | J58: 0.1308 | L58: 0.0555 | N58: =IFERROR(M58-L58, "") -> -0.0555 | Q58: =Table1[[#This Row],[Current BOM Utilization (Kg)]]-P58 -> 0.0555 | S58: =IFERROR((Table1[[#This Row],[Calculated Utilization (Kg)]]-Table1[[#This Row],[Actual Part Wt (Kg)]])/Table1[[#This Row],[Calculated Utilization (Kg)]], "") | T58: =AVERAGE(S38:S58) -> 0.15504429
B59: Pot Skirt Wall; Flat; KAB3 | C59: SS201; Sheet; With PVC Coating; 0.5mm thk x 1219.2mm W × 2675mm L; Hairline | D59: 11090 | E59: 0.40645 | F59: 1 | G59: Y | J59: 12.7 | K59: 31 | L59: 0.40645 | M59: =J59/K59 -> 0.40967742 | N59: =IFERROR(M59-L59, "") -> 0.0032274194 | O59: 12.6 | P59: 0.351 | Q59: =Table1[[#This Row],[Current BOM Utilization (Kg)]]-P59 -> 0.05545 | S59: =IFERROR((Table1[[#This Row],[Calculated Utilization (Kg)]]-Table1[[#This Row],[Actual Part Wt (Kg)]])/Table1[[#This Row],[Calculated Utilization (Kg)]], "") -> 0.14322835
B60: Spacer; Formed; KAB2 | C60: SS439; Sheet; With PVC Coating; 0.6mm thk x 1219mm W × 2438mm L | D60: 10154 | E60: 0.01152 | F60: 5 | G60: Y | J60: 13.5 | K60: 1232 | L60: 0.01152 | M60: =J60/K60 -> 0.010957792 | N60: =IFERROR(M60-L60, "") -> -0.00056220779 | O60: 12.6 | P60: 0.00675 | Q60: =Table1[[#This Row],[Current BOM Utilization (Kg)]]-P60 -> 0.00477 | S60: =IFERROR((Table1[[#This Row],[Calculated Utilization (Kg)]]-Table1[[#This Row],[Actual Part Wt (Kg)]])/Table1[[#This Row],[Calculated Utilization (Kg)]], "") -> 0.384
B61: C - Braket; Formed; KAB1 | C61: SS304; Sheet; 1.2mm thk × 1219.2mm W × 2620mm L | D61: 11040B | E61: 0.008 | F61: 1 | H61: Y | J61: 29.8 | K61: 2808 | L61: 0.008 | M61: =J61/K61 -> 0.010612536 | N61: =IFERROR(M61-L61, "") -> 0.0026125356 | O61: 12.6 | P61: 0.0072 | Q61: =Table1[[#This Row],[Current BOM Utilization (Kg)]]-P61 -> 0.0008 | S61: =IFERROR((Table1[[#This Row],[Calculated Utilization (Kg)]]-Table1[[#This Row],[Actual Part Wt (Kg)]])/Table1[[#This Row],[Calculated Utilization (Kg)]], "") -> 0.32155705
B62: Washer; Laser Cut; Flat; KAB1 | C62: SS304; Sheet; 1.2mm thk × 1219.2mm W × 2620mm L | D62: 11040B | E62: 0 | F62: 1 | H62: N | J62: 29.8 | N62: =IFERROR(M62-L62, "") -> 0 | P62: 0.00675 | Q62: =Table1[[#This Row],[Current BOM Utilization (Kg)]]-P62 -> -0.00675 | S62: =IFERROR((Table1[[#This Row],[Calculated Utilization (Kg)]]-Table1[[#This Row],[Actual Part Wt (Kg)]])/Table1[[#This Row],[Calculated Utilization (Kg)]], "")
B63: Cam Lever; Formed; KAB2 | C63: SS439; Sheet; 1.2mm thk × 1219mm W × 2438mm L | D63: 11226 | E63: 0 | F63: 1 | H63: N | J63: 27.3 | N63: =IFERROR(M63-L63, "") -> 0 | P63: 0.0186 | Q63: =Table1[[#This Row],[Current BOM Utilization (Kg)]]-P63 -> -0.0186 | S63: =IFERROR((Table1[[#This Row],[Calculated Utilization (Kg)]]-Table1[[#This Row],[Actual Part Wt (Kg)]])/Table1[[#This Row],[Calculated Utilization (Kg)]], "")
B64: Fang; Flat; KAB3 | C64: SS304; Sheet; 1.2mm thk × 1219.2mm W × 2620mm L | D64: 11040B | E64: 0.0186 | F64: 1 | H64: Y | J64: 29.8 | K64: 2054 | L64: 0.0186 | M64: =J64/K64 -> 0.014508277 | N64: =IFERROR(M64-L64, "") -> -0.0040917235 | P64: 0.0112 | Q64: =Table1[[#This Row],[Current BOM Utilization (Kg)]]-P64 -> 0.0074 | R64: =SUM(Q38:Q64) -> 0.60293 | S64: =IFERROR((Table1[[#This Row],[Calculated Utilization (Kg)]]-Table1[[#This Row],[Actual Part Wt (Kg)]])/Table1[[#This Row],[Calculated Utilization (Kg)]], "") -> 0.22802685 | T64: =AVERAGE(S59:S64) -> 0.26920306
B65: Bridge; Flat With Holes; KCA2 | C65: AZ150 0.6mm Galvalume Coated Carbon Steel; Sheet; 1219mm W × 2300mm L | D65: 11279 | E65: 0.174 | F65: 1 | L65: 0.174 | N65: =IFERROR(M65-L65, "") -> -0.174 | Q65: =Table1[[#This Row],[Current BOM Utilization (Kg)]]-P65 -> 0.174 | S65: =IFERROR((Table1[[#This Row],[Calculated Utilization (Kg)]]-Table1[[#This Row],[Actual Part Wt (Kg)]])/Table1[[#This Row],[Calculated Utilization (Kg)]], "")
B66: Bridge Hat; Flat; KCA2 | C66: AZ150 0.6mm Galvalume Coated Carbon Steel; Sheet; 1219mm W × 2300mm L | D66: 11279 | E66: 0.05625 | F66: 1 | L66: 0.05625 | N66: =IFERROR(M66-L66, "") -> -0.05625 | Q66: =Table1[[#This Row],[Current BOM Utilization (Kg)]]-P66 -> 0.05625 | S66: =IFERROR((Table1[[#This Row],[Calculated Utilization (Kg)]]-Table1[[#This Row],[Actual Part Wt (Kg)]])/Table1[[#This Row],[Calculated Utilization (Kg)]], "")
B67: False Bottom; Flat With Hole; KCA2 | C67: AZ150 0.6mm Galvalume Coated Carbon Steel; Sheet; 1219mm W × 2300mm L | D67: 11279 | E67: 0.18 | F67: 1 | L67: 0.18 | N67: =IFERROR(M67-L67, "") -> -0.18 | Q67: =Table1[[#This Row],[Current BOM Utilization (Kg)]]-P67 -> 0.18 | S67: =IFERROR((Table1[[#This Row],[Calculated Utilization (Kg)]]-Table1[[#This Row],[Actual Part Wt (Kg)]])/Table1[[#This Row],[Calculated Utilization (Kg)]], "")
B68: Ash Tray Rails; Formed; KCA2 | C68: AZ150 0.6mm Galvalume Coated Carbon Steel; Sheet; 1219mm W × 2300mm L | D68: 11279 | E68: 0.017 | F68: 2 | L68: 0.017 | N68: =IFERROR(M68-L68, "") -> -0.017 | Q68: =Table1[[#This Row],[Current BOM Utilization (Kg)]]-P68 -> 0.017 | S68: =IFERROR((Table1[[#This Row],[Calculated Utilization (Kg)]]-Table1[[#This Row],[Actual Part Wt (Kg)]])/Table1[[#This Row],[Calculated Utilization (Kg)]], "")
B69: Ash Tray Band; Flat; KCA2 | C69: AZ150 0.6mm Galvalume Coated Carbon Steel; Sheet; 1219mm W × 2300mm L | D69: 11279 | E69: 0.0185 | F69: 1 | L69: 0.0185 | N69: =IFERROR(M69-L69, "") -> -0.0185 | Q69: =Table1[[#This Row],[Current BOM Utilization (Kg)]]-P69 -> 0.0185 | S69: =IFERROR((Table1[[#This Row],[Calculated Utilization (Kg)]]-Table1[[#This Row],[Actual Part Wt (Kg)]])/Table1[[#This Row],[Calculated Utilization (Kg)]], "")
B70: Door; Formed With Emboss; KCA2 | C70: SS439; Sheet; With PVC Coating; 0.6mm thk x 1219mm W × 2438mm L | D70: 10154 | E70: 0.056 | F70: 1 | L70: 0.056 | N70: =IFERROR(M70-L70, "") -> -0.056 | Q70: =Table1[[#This Row],[Current BOM Utilization (Kg)]]-P70 -> 0.056 | S70: =IFERROR((Table1[[#This Row],[Calculated Utilization (Kg)]]-Table1[[#This Row],[Actual Part Wt (Kg)]])/Table1[[#This Row],[Calculated Utilization (Kg)]], "")
B71: Ash Tray Handle Strip; Flat; KCA2 | C71: SS439; Sheet; With PVC Coating; 0.8mm thk × 1219mmW x 2438mm L | D71: 10155 | E71: 0.0117 | F71: 1 | L71: 0.0117 | N71: =IFERROR(M71-L71, "") -> -0.0117 | Q71: =Table1[[#This Row],[Current BOM Utilization (Kg)]]-P71 -> 0.0117 | S71: =IFERROR((Table1[[#This Row],[Calculated Utilization (Kg)]]-Table1[[#This Row],[Actual Part Wt (Kg)]])/Table1[[#This Row],[Calculated Utilization (Kg)]], "")
B72: Deck; Formed & Castled; Rev A; KCA3.5 | C72: SS439; Sheet; With PVC Coating; 0.8mm thk × 1219mmW x 2438mm L | D72: 10155 | E72: 0.36 | F72: 1 | L72: 0.36 | N72: =IFERROR(M72-L72, "") -> -0.36 | Q72: =Table1[[#This Row],[Current BOM Utilization (Kg)]]-P72 -> 0.36 | S72: =IFERROR((Table1[[#This Row],[Calculated Utilization (Kg)]]-Table1[[#This Row],[Actual Part Wt (Kg)]])/Table1[[#This Row],[Calculated Utilization (Kg)]], "")
B73: Pot Support; Formed; KCA3 | C73: SS439; Sheet; With PVC Coating; 0.8mm thk × 1219mmW x 2438mm L | D73: 10155 | E73: 0.0181 | F73: 5 | L73: 0.0181 | N73: =IFERROR(M73-L73, "") -> -0.0181 | Q73: =Table1[[#This Row],[Current BOM Utilization (Kg)]]-P73 -> 0.0181 | S73: =IFERROR((Table1[[#This Row],[Calculated Utilization (Kg)]]-Table1[[#This Row],[Actual Part Wt (Kg)]])/Table1[[#This Row],[Calculated Utilization (Kg)]], "")
B74: Heat Shield; Formed; KCA4 | C74: SS439; Sheet; With PVC Coating; 0.6mm thk x 1219mm W × 2438mm L | D74: 10154 | E74: 0.1205 | F74: 1 | L74: 0.1205 | N74: =IFERROR(M74-L74, "") -> -0.1205 | Q74: =Table1[[#This Row],[Current BOM Utilization (Kg)]]-P74 -> 0.1205 | S74: =IFERROR((Table1[[#This Row],[Calculated Utilization (Kg)]]-Table1[[#This Row],[Actual Part Wt (Kg)]])/Table1[[#This Row],[Calculated Utilization (Kg)]], "")
B75: Heat Shield Tab; Blank; KCA4; 10mm W x 30mm Long | C75: SS304; Sheet; 0.8mm x 1219mm W × 2438mm L | D75: 10074 | E75: 0.00198 | F75: 4 | J75: 19 | L75: 0.00198 | N75: =IFERROR(M75-L75, "") -> -0.00198 | Q75: =Table1[[#This Row],[Current BOM Utilization (Kg)]]-P75 -> 0.00198 | S75: =IFERROR((Table1[[#This Row],[Calculated Utilization (Kg)]]-Table1[[#This Row],[Actual Part Wt (Kg)]])/Table1[[#This Row],[Calculated Utilization (Kg)]], "")
B76: Bottom; Formed; KCA2 | C76: AZ150 0.6mm Galvalume Coated Carbon Steel; Sheet; 1219mm W × 2300mm L | D76: 11279 | E76: 0.3375 | F76: 1 | L76: 0.3375 | N76: =IFERROR(M76-L76, "") -> -0.3375 | Q76: =Table1[[#This Row],[Current BOM Utilization (Kg)]]-P76 -> 0.3375 | S76: =IFERROR((Table1[[#This Row],[Calculated Utilization (Kg)]]-Table1[[#This Row],[Actual Part Wt (Kg)]])/Table1[[#This Row],[Calculated Utilization (Kg)]], "")
B77: Foot; Formed; KWA1 | C77: AZ100 0.7 Galvalume Sheet; 1219mm W x 2438mm L | D77: 10072B | E77: 0.0212 | F77: 3 | L77: 0.0212 | N77: =IFERROR(M77-L77, "") -> -0.0212 | Q77: =Table1[[#This Row],[Current BOM Utilization (Kg)]]-P77 -> 0.0212 | S77: =IFERROR((Table1[[#This Row],[Calculated Utilization (Kg)]]-Table1[[#This Row],[Actual Part Wt (Kg)]])/Table1[[#This Row],[Calculated Utilization (Kg)]], "")
B78: Side Body; punched; un-coated; KCA3.5 | C78: 1008 0.6 CRCA Carbon Steel; Sheet; 1219mm W × 2675mm L | D78: 10070B | E78: 0.749 | F78: 1 | L78: 0.749 | N78: =IFERROR(M78-L78, "") -> -0.749 | Q78: =Table1[[#This Row],[Current BOM Utilization (Kg)]]-P78 -> 0.749 | S78: =IFERROR((Table1[[#This Row],[Calculated Utilization (Kg)]]-Table1[[#This Row],[Actual Part Wt (Kg)]])/Table1[[#This Row],[Calculated Utilization (Kg)]], "")
B79: 1008 CRCA Carbon Steel; Strip;0.6mm thk × 52.0mm W | C79: 1009 0.6 CRCA Carbon Steel; Sheet; 1219mm W × 2675mm L | D79: 10070B | E79: 0.0453 | F79: 1 | L79: 0.0453 | N79: =IFERROR(M79-L79, "") -> -0.0453 | Q79: =Table1[[#This Row],[Current BOM Utilization (Kg)]]-P79 -> 0.0453 | S79: =IFERROR((Table1[[#This Row],[Calculated Utilization (Kg)]]-Table1[[#This Row],[Actual Part Wt (Kg)]])/Table1[[#This Row],[Calculated Utilization (Kg)]], "")
B80: Cutout with holes from Side Body G3.5 | C80: 1010 0.6 CRCA Carbon Steel; Sheet; 1219mm W × 2675mm L | D80: 10070B | E80: 0.027 | F80: 1 | L80: 0.027 | N80: =IFERROR(M80-L80, "") -> -0.027 | Q80: =Table1[[#This Row],[Current BOM Utilization (Kg)]]-P80 -> 0.027 | S80: =IFERROR((Table1[[#This Row],[Calculated Utilization (Kg)]]-Table1[[#This Row],[Actual Part Wt (Kg)]])/Table1[[#This Row],[Calculated Utilization (Kg)]], "")
B81: Logo; Flat WIPB; KCA2 | C81: SS439; Sheet; With PVC Coating; 0.6mm thk x 1219mm W × 2438mm L | D81: 10154 | E81: 0.0134 | F81: 1 | L81: 0.0134 | N81: =IFERROR(M81-L81, "") -> -0.0134 | Q81: =Table1[[#This Row],[Current BOM Utilization (Kg)]]-P81 -> 0.0134 | S81: =IFERROR((Table1[[#This Row],[Calculated Utilization (Kg)]]-Table1[[#This Row],[Actual Part Wt (Kg)]])/Table1[[#This Row],[Calculated Utilization (Kg)]], "")
B82: Logo; Flat With Holes; for Serialization | C82: SS201; Sheet; With PVC Coating; 0.5mm thk x 1219.2mm W × 2675mm L; Hairline | D82: 11090 | E82: 0.01154 | F82: 1 | L82: 0.01154 | N82: =IFERROR(M82-L82, "") -> -0.01154 | Q82: =Table1[[#This Row],[Current BOM Utilization (Kg)]]-P82 -> 0.01154 | S82: =IFERROR((Table1[[#This Row],[Calculated Utilization (Kg)]]-Table1[[#This Row],[Actual Part Wt (Kg)]])/Table1[[#This Row],[Calculated Utilization (Kg)]], "")
B83: Side Body Handle; Formed WIPC Without Hole; KCA2 | C83: Carbon Steel Tubing; 10mm OD x 1mm wall x 3m L | D83: 10073 | E83: 0.055 | F83: 2 | L83: 0.055 | N83: =IFERROR(M83-L83, "") -> -0.055 | Q83: =Table1[[#This Row],[Current BOM Utilization (Kg)]]-P83 -> 0.055 | S83: =IFERROR((Table1[[#This Row],[Calculated Utilization (Kg)]]-Table1[[#This Row],[Actual Part Wt (Kg)]])/Table1[[#This Row],[Calculated Utilization (Kg)]], "")
B84: Ash Tray; Formed; KCA2 | C84: AZ150 0.6mm Galvalume Coated Carbon Steel; Sheet; 1219mm W × 2300mm L | D84: 11279 | E84: 0.16875 | F84: 1 | L84: 0.16875 | N84: =IFERROR(M84-L84, "") -> -0.16875 | Q84: =Table1[[#This Row],[Current BOM Utilization (Kg)]]-P84 -> 0.16875 | S84: =IFERROR((Table1[[#This Row],[Calculated Utilization (Kg)]]-Table1[[#This Row],[Actual Part Wt (Kg)]])/Table1[[#This Row],[Calculated Utilization (Kg)]], "")
B85: Combustion Chamber; Flanged; KCA3.5 | C85: SS321; Sheet; 1.5mm thk × 1000mm W x 2660mm L | D85: 11332 | E85: 0.5852 | F85: 1 | L85: 0.5852 | N85: =IFERROR(M85-L85, "") -> -0.5852 | Q85: =Table1[[#This Row],[Current BOM Utilization (Kg)]]-P85 -> 0.5852 | S85: =IFERROR((Table1[[#This Row],[Calculated Utilization (Kg)]]-Table1[[#This Row],[Actual Part Wt (Kg)]])/Table1[[#This Row],[Calculated Utilization (Kg)]], "")
T87: =AVERAGE(T20,T37,T58,T64) -> 0.21475751
